"Identificador de URL";Nombre;Categorías;"Nombre de propiedad 1";"Valor de propiedad 1";"Nombre de propiedad 2";"Valor de propiedad 2";"Nombre de propiedad 3";"Valor de propiedad 3";Precio;"Precio promocional";"Peso (kg)";"Alto (cm)";"Ancho (cm)";"Profundidad (cm)";Stock;SKU;"Código de barras";"Mostrar en tienda";"Envío sin cargo";Descripción;Tags;"Título para SEO";"Descripción para SEO";Marca;"Producto Físico";"MPN (Número de pieza del fabricante)";Sexo;"Rango de edad";Costo
colgante-campanita-tg800;"Colgante campanita";"Nuevos ingresos > Navidad";Modelo;Aldea;;;;;4,520.00;;0.03;17.00;11.00;1.00;12;vacío;56293715;SI;NO;;vacio;vacío;vacío;vacío;SI;;;;2,243.34
colgante-campanita-tg800;;;Modelo;Bosque;;;;;4,520.00;;0.03;17.00;11.00;1.00;12;;56193718;;;;;;;;;;;;2,243.34
colgante-campanita-tg800;;;Modelo;Trineo;;;;;4,520.00;;0.03;17.00;11.00;1.00;12;;56393712;;;;;;;;;;;;2,243.34
dije-grabado-navideno-jwd4o;"Dije grabado navideño";"Nuevos ingresos > Navidad";"Modelo único";único;;;;;8,625.00;;0.05;12.00;12.00;1.50;50;vacío;56093728;SI;NO;;vacio;vacío;vacío;vacío;SI;;;;4,452.80
esfera-luz-del-pesebre-qlen5;"Esfera Luz del pesebre";"Nuevos ingresos > Navidad";"Modelo único";único;;;;;19,400.00;;0.51;20.00;19.50;3.00;50;vacío;56194630;SI;NO;;vacio;vacío;vacío;vacío;SI;;;;9,626.76
sobre-para-santa-y1fa5;"Sobre para Santa";"Nuevos ingresos > Navidad";"Modelo único";único;;;;;8,630.00;;0.10;14.00;15.00;1.00;26;vacío;56093735;SI;NO;;vacio;vacío;vacío;vacío;SI;;;;4,288.24
adornos-personajes-vq13a;"Adornos Personajes";"Nuevos ingresos > Navidad";Modelo;Noel;;;;;8,970.00;;0.23;22.50;9.50;2.00;12;vacío;56194319;SI;NO;;vacio;vacío;vacío;vacío;SI;;;;
adornos-personajes-vq13a;;;Modelo;Canela;;;;;8,970.00;;0.23;22.50;9.50;2.00;12;;56394313;;;;;;;;;;;;
adornos-personajes-vq13a;;;Modelo;Nieves;;;;;8,970.00;;0.23;22.50;9.50;2.00;12;;56294316;;;;;;;;;;;;
guirnalda-renos-nt54u;"Guirnalda Renos";"Nuevos ingresos > Navidad";"Modelo único";único;;;;;15,700.00;;0.22;15.50;20.50;5.00;31;vacío;56093339;SI;NO;;vacio;vacío;vacío;vacío;SI;;;;
pesebre-casita-n3gbm;"Pesebre Casita";"Nuevos ingresos > Navidad";"Modelo único";único;;;;;11,000.00;;0.23;16.00;20.00;3.00;30;vacío;56094411;SI;NO;;vacio;vacío;vacío;vacío;SI;;;;
mini-pesebre-con-base-tho20;"Mini pesebre con base";"Nuevos ingresos > Navidad";"Modelo único";único;;;;;7,068.00;;0.17;12.00;11.10;3.50;30;vacío;56094435;SI;NO;;vacio;vacío;vacío;vacío;SI;;;;
pesebre-tradicional-1fij4;"Pesebre tradicional";"Nuevos ingresos > Navidad";"Modelo único";único;;;;;9,020.00;;0.26;20.00;20.00;2.00;30;vacío;56009446;SI;NO;;vacio;vacío;vacío;vacío;SI;;;;
atril-con-deseos-casa-2hgmp;"Atril con deseos- Casa";"Nuevos ingresos > Navidad";"Modelo único";único;;;;;4,375.00;;0.06;26.00;14.00;3.00;40;vacío;KO145;SI;NO;;vacio;vacío;vacío;vacío;SI;;;;
adornos-de-arbolito-0pftp;"Adornos de arbolito";"Nuevos ingresos > Navidad";Modelo;Casita;;;;;937.00;;0.02;10.00;7.00;0.50;40;vacío;KO138;SI;NO;;vacio;vacío;vacío;vacío;SI;;;;
adornos-de-arbolito-0pftp;;;Modelo;Bastón;;;;;937.00;;0.02;10.00;7.00;0.50;40;;KO134;;;;;;;;;;;;
adornos-de-arbolito-0pftp;;;Modelo;Bola;;;;;937.00;;0.02;10.00;7.00;0.50;40;;KO135;;;;;;;;;;;;
adornos-de-arbolito-0pftp;;;Modelo;Pino;;;;;937.00;;0.02;10.00;7.00;0.50;40;;KO136;;;;;;;;;;;;
adornos-de-arbolito-0pftp;;;Modelo;Galleta;;;;;937.00;;0.02;10.00;7.00;0.50;70;;KO133;;;;;;;;;;;;
tarjetones-navidenos-2i6ce;"Tarjetones Navideños";"Nuevos ingresos > Navidad";diseño;Campana;;;;;4,500.00;;0.03;17.00;14.00;1.00;15;vacío;KO143;SI;NO;;vacio;vacío;vacío;vacío;SI;;;;
tarjetones-navidenos-2i6ce;;;diseño;Cairel;;;;;4,500.00;;0.03;17.00;14.00;1.00;15;;KO142;;;;;;;;;;;;
tarjetones-navidenos-2i6ce;;;diseño;Estrella;;;;;4,500.00;;0.03;17.00;14.00;1.00;15;;KO139;;;;;;;;;;;;
tarjetones-navidenos-2i6ce;;;diseño;Gota;;;;;4,500.00;;0.03;17.00;14.00;1.00;15;;KO144;;;;;;;;;;;;
tarjetones-navidenos-2i6ce;;;diseño;Casita;;;;;4,500.00;;0.03;17.00;14.00;1.00;25;;KO141;;;;;;;;;;;;
tarjetones-navidenos-2i6ce;;;diseño;Angel;;;;;4,500.00;;0.03;17.00;14.00;1.00;25;;KO140;;;;;;;;;;;;
arbol-con-base-r2pmr;"Árbol con base";"Nuevos ingresos > Navidad";;;;;;;21,125.00;;0.41;40.00;21.00;2.00;12;;KO163;SI;NO;;vacio;vacío;vacío;vacío;SI;;;;10,817.40
aldea-navidena-6jplf;"Aldea Navideña";"Nuevos ingresos > Navidad";"Modelo único";único;;;;;14,575.00;;0.38;14.00;22.00;5.00;40;vacío;KO164;SI;NO;;vacio;vacío;vacío;vacío;SI;;;;7,424.56
vela-casita-xil4k;"Vela Casita";"Nuevos ingresos > Navidad";"Modelo único";único;;;;;10,750.00;;0.26;14.00;22.00;5.00;30;vacío;KO100;SI;NO;;vacio;vacío;vacío;vacío;SI;;;;
arbol-escritorio-borla-xcxvi;"Árbol escritorio Borla";"Nuevos ingresos > Navidad";"Modelo único";único;;;;;25,250.00;;1.01;40.00;41.50;5.50;8;vacío;KO149;SI;NO;;vacio;vacío;vacío;vacío;SI;;;;
arbol-encastrable-yhowd;"Árbol encastrable";"Nuevos ingresos > Navidad";"Modelo único";único;;;;;47,250.00;;4.80;55.50;61.00;5.50;6;vacío;KO162;SI;NO;;vacio;vacío;vacío;vacío;SI;;;;
arbol-deseos-muu5d;"Árbol Deseos";"Nuevos ingresos > Navidad";"Modelo único";único;;;;;9,750.00;;0.27;23.00;15.50;2.00;12;vacío;KO107;SI;NO;;vacio;vacío;vacío;vacío;SI;;;;
pesebre-de-apoyo-rqv42;"Pesebre de apoyo";"Nuevos ingresos > Navidad";"Modelo único";único;;;;;8,625.00;;0.23;19.00;23.00;2.00;50;vacío;KO27;SI;NO;;vacio;vacío;vacío;vacío;SI;;;;
florero-curvas-con-rayas-xvhic;"Florero Curvas con Rayas";"Vasos y Botellas , Deco Hogar ";Color;Transparente;;;;;14,125.00;;0.44;9.00;9.50;9.50;8;vacío;ZCURRACL;SI;NO;;vacio;vacío;vacío;vacío;SI;;;;
florero-curvas-con-rayas-xvhic;;;Color;Humo;;;;;12,900.00;;0.44;9.00;9.50;9.50;1;;ZCURRAGR;;;;;;;;;;;;
florero-curvas-con-rayas-xvhic;;;Color;Verde;;;;;14,125.00;;0.44;9.00;9.50;9.50;6;;ZCURRAVE;;;;;;;;;;;;
florero-botella-0remf;"Florero / Botella";"Vasos y Botellas , Deco Hogar ";Color;Transparente;;;;;14,125.00;;0.56;23.00;11.00;11.00;1;vacío;ZBOCL;SI;NO;;vacio;vacío;vacío;vacío;SI;;;;
florero-botella-0remf;;;Color;Humo;;;;;14,125.00;;0.56;23.00;11.00;11.00;4;;ZBOGR;;;;;;;;;;;;
florero-clasico-grande-52fhq;"Florero Clásico grande";"Deco Hogar ";Color;Transparente;;;;;29,625.00;;1.30;28.00;20.00;20.00;1;vacío;ZF27CL;SI;NO;;vacio;vacío;vacío;vacío;SI;;;;
florero-clasico-grande-52fhq;;;Color;Ámbar;;;;;29,625.00;;1.30;28.00;20.00;20.00;0;;ZF27CH;;;;;;;;;;;;
florero-clasico-grande-52fhq;;;Color;Humo;;;;;29,625.00;;1.30;28.00;20.00;20.00;1;;ZF27GR;;;;;;;;;;;;
florero-clasico-mediano-iu2y8;"Florero Clásico mediano";"Deco Hogar ";Color;Transparente;;;;;18,125.00;;0.82;21.00;14.00;14.00;7;vacío;ZF20CL;SI;NO;;vacio;vacío;vacío;vacío;SI;;;;
florero-clasico-mediano-iu2y8;;;Color;Ámbar;;;;;18,125.00;;0.82;21.00;14.00;14.00;7;;ZF20CH;;;;;;;;;;;;
florero-clasico-mediano-iu2y8;;;Color;Humo;;;;;18,125.00;;0.82;21.00;14.00;14.00;8;;ZF20GR;;;;;;;;;;;;
florero-clasico-chico-ay4nk;"Florero Clásico chico";"Deco Hogar ";Color;Transparente;;;;;10,125.00;;0.35;15.00;12.00;12.00;15;vacío;ZF14CL;SI;NO;;vacio;vacío;vacío;vacío;SI;;;;
florero-clasico-chico-ay4nk;;;Color;Ámbar;;;;;10,125.00;;0.35;15.00;12.00;12.00;13;;ZF14CH;;;;;;;;;;;;
florero-clasico-chico-ay4nk;;;Color;Humo;;;;;10,125.00;;0.35;15.00;12.00;12.00;15;;ZF14GR;;;;;;;;;;;;
florero-espiga-nttqp;"Florero Espiga";"Deco Hogar ";Color;Transparente;;;;;11,875.00;;0.46;23.00;12.00;12.00;16;vacío;ZFLESCL;SI;NO;;vacio;vacío;vacío;vacío;SI;;;;
florero-espiga-nttqp;;;Color;Humo;;;;;11,875.00;;0.46;23.00;12.00;12.00;17;;ZFLESGR;;;;;;;;;;;;
florero-espiga-nttqp;;;Color;Ámbar;;;;;11,875.00;;0.46;23.00;12.00;12.00;15;;ZFLESAM;;;;;;;;;;;;
florero-difusor-rueda-650yg;"Florero Difusor Rueda";"Deco Hogar ";Color;Transparente;;;;;7,000.00;;0.25;12.00;7.30;7.00;13;vacío;ZRU10CL;SI;NO;;vacio;vacío;vacío;vacío;SI;;;;
florero-difusor-rueda-650yg;;;Color;Ámbar;;;;;7,000.00;;0.25;12.00;7.30;7.00;7;;ZRU10AM;;;;;;;;;;;;
florero-difusor-conico-uaau0;"Florero Difusor Cónico";"Deco Hogar ";Color;Humo;;;;;6,000.00;;0.20;8.80;8.80;8.80;22;vacío;ZTRACOGR;SI;NO;;vacio;vacío;vacío;vacío;SI;;;;
florero-difusor-conico-uaau0;;;Color;Caramelo;;;;;6,000.00;;0.20;8.80;8.80;8.80;22;;ZTRACOCA;;;;;;;;;;;;
florero-difusor-conico-uaau0;;;Color;Ámbar;;;;;6,000.00;;0.20;8.80;8.80;8.80;22;;ZTRACOAM;;;;;;;;;;;;
florero-difusor-espiga-labrada-je18f;"Florero/ Difusor espiga labrada";"Deco Hogar ";Color;Humo;;;;;4,750.00;;0.15;10.00;6.00;6.00;21;vacío;ZFLBOTGR;SI;NO;;vacio;vacío;vacío;vacío;SI;;;;
florero-difusor-espiga-labrada-je18f;;;Color;Verde;;;;;4,750.00;;0.15;10.00;6.00;6.00;22;;ZFLBOTVE;;;;;;;;;;;;
florero-difusor-espiga-labrada-je18f;;;Color;Transparente;;;;;4,750.00;;0.15;10.00;6.00;6.00;26;;ZFLBOTCL;;;;;;;;;;;;
florero-difusor-espiga-labrada-je18f;;;Color;Caramelo;;;;;4,750.00;;0.15;10.00;6.00;6.00;22;;ZFLBOTCH;;;;;;;;;;;;
palabra-love-fzwm2;"Palabra Love";"Deco Hogar  > Objetos de madera";"Modelo único";único;;;;;6,000.00;;0.16;8.00;24.00;3.00;14;vacío;KO156;SI;NO;;vacio;vacío;vacío;vacío;SI;;;;2,831.40
palabra-home-kph4u;"Palabra Home";"Deco Hogar  > Objetos de madera";Color;paraiso;;;;;6,000.00;;0.16;8.00;24.00;3.00;25;vacío;KO158;SI;NO;;vacio;vacío;vacío;vacío;SI;;;;2,831.40
palabra-home-kph4u;;;Color;negra;;;;;6,000.00;;0.16;8.00;24.00;3.00;18;;KO159;;;;;;;;;;;;2,831.40
juego-basta-0omye;"Juego BASTA";"Nuevos ingresos";Modelo;"Basta 1.0";;;;;26,875.00;;0.42;26.00;26.50;5.00;43;vacío;EST080;SI;NO;;vacio;vacío;vacío;vacío;SI;;;;13,915.00
juego-basta-0omye;;;Modelo;"Basta 2.0";;;;;34,000.01;;0.34;26.00;26.50;5.00;11;;EST081;;;;;;;;;;;;17,847.50
juego-basta-0omye;;;Modelo;"Basta 3.0";;;;;32,500.00;;0.39;26.00;26.50;5.00;21;;EST087;;;;;;;;;;;;16,335.00
set-x6-vaso-trama-rayas-conico-kt94b;"Set x6 vaso trama rayas Cónico";"Cocina y Bazar";Color;Transparente;;;;;17,375.00;;1.90;13.50;24.50;16.50;32;vacío;2,02E+12;SI;NO;;vacio;vacío;vacío;"New Cook";SI;;;;6,050.00
set-x6-vaso-trama-rayas-conico-kt94b;;;Color;Humo;;;;;23,400.00;;1.90;13.50;24.50;16.50;14;;2,02E+12;;;;;;;;;;;;8,833.00
bowl-vidrio-trama-rayas-con-base-acacia-grande-bmp4b;"Bowl vidrio trama rayas con base acacia GRANDE";"Cocina y Bazar";"Modelo único";único;;;;;31,875.00;;0.87;12.00;22.50;23.00;1;vacío;2.03E+17;SI;NO;;"bowl, cocina, ensaladera, fuente, trama";"Bowl de Vidrio con Trama Rayas y Base de Acacia Grande";"Disfrutá de este bowl de vidrio con diseño en rayas y base de madera de acacia. Grande y resistente, ideal para tu mesa. ¡Compralo ahora!";vacío;SI;;;;11,979.00
bowl-vidrio-trama-rayas-con-base-acacia-chico-minds;"Bowl vidrio trama rayas con base acacia CHICO";"Cocina y Bazar";"Modelo único";único;;;;;22,187.50;;0.67;11.50;15.50;15.00;1;vacío;2.03E+17;SI;NO;;"bowl, cocina, ensaladera, fuente";"Bowl de vidrio con base de acacia chico, diseño trama rayas";"Descubrí el bowl chico de vidrio con base de acacia, diseño trama rayas. Ideal para servir con estilo. Compralo ahora y renová tu mesa.";vacío;SI;;;;8,288.50
bowl-vidrio-base-aro-acacia-chico-jb928;"Bowl vidrio base aro acacia CHICO";"Cocina y Bazar";"Modelo único";único;;;;;23,125.00;;0.77;12.00;16.00;16.00;13;vacío;2025152863769;SI;NO;;"bowl, ensaladera, fuente";"Bowl vidrio con base de aro acacia chico: elegante y resistente";"Descubrí el bowl vidrio base aro acacia chico, con vidrio transparente y base de madera. Ideal para tu cocina. ¡Compralo ahora y renová tu vajilla!";vacío;SI;;;;8,833.00
bowl-vidrio-base-cruz-acacia-grande-zt3n2;"Bowl vidrio base cruz acacia GRANDE";"Cocina y Bazar";"Modelo único";único;;;;;33,625.00;;1.22;12.00;23.50;23.00;13;vacío;2025152863790;SI;NO;;"bowl, cocina, fuente";"Bowl de vidrio con base cruz de acacia grande, elegante y resistente";"Descubrí el bowl vidrio base cruz acacia grande, con vidrio transparente y base sólida. Ideal para tu cocina. ¡Compralo ahora!";vacío;SI;;;;12,584.00
dispenser-doble-3-8l-gj5tq;"Dispenser doble 3.8l";"Vasos y Botellas , Cocina y Bazar";"Modelo único";único;;;;;67,375.00;;3.23;30.50;36.00;17.50;0;vacío;3481;SI;NO;;"botellon, cocina, dispenser";vacío;vacío;vacío;SI;;;;25,410.00
bowl-de-vidrio-base-cruz-acacia-chico-4mvyk;"Bowl de vidrio base cruz acacia CHICO";"Cocina y Bazar";"Modelo único";único;;;;;23,500.00;;0.67;12.00;16.00;16.00;14;vacío;2025152863783;SI;NO;;"bowl, cocina, cristal";"Bowl de vidrio con base cruz de acacia, diseño elegante y resistente";"Disfrutá del bowl de vidrio con base cruz de acacia, 15cm diámetro y 11cm alto. Elegante y duradero. ¡Compralo ahora y renová tu vajilla!";vacío;SI;;;;8,712.00
set-x6-vasos-oval-lg64y;"Set x6 Vasos oval";"Vasos y Botellas ";Color;Transparente;;;;;25,625.00;;2.27;13.50;24.40;16.50;13;vacío;2,02E+12;SI;NO;;"cocina, cristal, vasos";"Set x6 Vasos Ovales de Vidrio, 13 cm, Aptos Lavavajillas";"Set x6 vasos ovales de vidrio, 13 cm de altura, aptos para lavavajillas. Elegí calidad y diseño para tu hogar. ¡Compralos ahora!";"New Cook";SI;;;;9,559.00
set-x6-vasos-oval-lg64y;;;Color;Humo;;;;;25,625.00;;2.27;13.50;24.40;16.50;13;;2,02E+12;;;;;;;;;;;;9,559.00
juego-x6-copas-de-vino-iz6et;"Juego x6 copas de Vino";"Cocina y Bazar";Color;Dorada;;;;;29,400.00;;1.58;22.50;27.00;18.00;5;vacío;2,02E+12;SI;NO;;"cocina, copa, vidrio";"Juego x6 Copas de Vino Doradas de Vidrio 510ml Elegantes";"Disfrutá de tus mejores vinos con este juego x6 copas doradas de vidrio de 510ml. Elegancia y calidad para cada ocasión. ¡Comprá ahora!";"New Cook";SI;;;;11,374.00
juego-x6-copas-de-vino-iz6et;;;Color;Humo;;;;;29,400.00;;1.58;22.50;27.00;18.00;3;;2,02E+12;;;;;;;;;;;;11,374.00
juego-x6-copas-de-vino-iz6et;;;Color;"Borde dorado";;;;;29,400.00;;1.58;22.50;27.00;18.00;29;;2,02E+12;;;;;;;;;;;;11,374.00
bowl-de-vidrio-acacia-grande-tsc8s;"Bowl de vidrio acacia grande";"Nuevos ingresos, Cocina y Bazar";"Modelo único";único;;;;;39,874.99;;1.19;10.00;23.50;22.50;1;vacío;2.03E+17;SI;NO;;"bowl, cocina, ensaladera, vidrio";"Bowl de vidrio y acacia 1.8L - Diseño redondo y resistente";"Descubrí el bowl de vidrio y acacia de 1.8L, ideal para servir y decorar. Duradero y elegante, ¡agregalo a tu cocina hoy mismo!";vacío;SI;;;;15,972.00
dispenser-de-jugo-yriqy;"Dispenser de Jugo";"Nuevos ingresos, Cocina y Bazar";"Modelo único";único;;;;;49,375.00;;1.72;22.20;20.50;16.00;8;vacío;6.92E+17;SI;NO;;"bolleta, dispenser, vidrio";"Dispenser de Jugo 3L con Base de Madera y Canilla Práctica";"Dispenser de jugo 3L con base de madera, canilla fácil y apertura amplia. Ideal para eventos y reuniones. ¡Compra ahora y disfruta refrescos sin complicaciones!";vacío;SI;;;;18,513.00
termo-wanderlust-1000ml-qerdd;"Termo Wanderlust 1000ml";"Todo para el mate";Color;Negro;;;;;47,000.01;;0.78;32.50;10.50;10.50;4;vacío;7,79E+12;SI;NO;;"matera, termico, termo";"Termo Wanderlust 1000ml Acero Inoxidable con Aislamiento Térmico";"Termo Wanderlust 1000ml en acero inoxidable, conserva bebidas calientes 8hs y frías 12hs. Sistema antigoteo y pico cebador. ¡Llevá el tuyo hoy!";Wanderlust;SI;;;;21,175.00
termo-wanderlust-1000ml-qerdd;;;Color;Blanco;;;;;47,000.01;;0.78;32.50;10.50;10.50;9;;7,79E+12;;;;;;;;;;;;21,175.00
termo-wanderlust-1000ml-qerdd;;;Color;Verde;;;;;47,000.01;;0.78;32.50;10.50;10.50;0;;7,79E+12;;;;;;;;;;;;21,175.00
cuello-de-viaje-inteligente-kfxxk;"Cuello De Viaje inteligente";Viaje;Color;Negro;;;;;22,440.00;;0.31;19.00;26.00;10.00;9;vacío;7,79E+12;SI;NO;;"almohada, cuello, viaje";"Almohada Inteligente Cuello de Viaje Wanderlust con Espuma Memory";"Descubrí la Almohada Inteligente Cuello de Viaje Wanderlust con espuma memory que se adapta a tu cuello y mantiene la postura. ¡Viaja cómodo y sin dolor!";Wanderlust;SI;;;;10,769.00
cuello-de-viaje-inteligente-kfxxk;;;Color;Rosa;;;;;22,440.00;;0.31;19.00;26.00;10.00;9;;7,79E+12;;;;;;;;;;;;10,769.00
cuello-de-viaje-inteligente-kfxxk;;;Color;Lila;;;;;22,440.00;;0.31;19.00;26.00;10.00;9;;7,79E+12;;;;;;;;;;;;10,769.00
despolvillador-de-yerba-quo-m9sgj;"Despolvillador de Yerba Quo";"Todo para el mate";Color;Negro;;;;;8,625.00;;0.14;18.00;8.00;8.00;9;vacío;7,40E+12;SI;NO;;"despolvillador, matera, yerba";"Despolvillador de Yerba Quo: 300g, apto lavavajillas";"Despolvillador de Yerba Quo, ideal para mate puro. Capacidad 300g, medidas compactas y apto para lavavajillas. ¡Mejorá tu experiencia mate ahora!";Quo;SI;;;;3,505.37
despolvillador-de-yerba-quo-m9sgj;;;Color;Blanco;;;;;8,625.00;;0.14;18.00;8.00;8.00;9;;7,40E+12;;;;;;;;;;;;3,505.37
despolvillador-de-yerba-quo-m9sgj;;;Color;Verde;;;;;8,625.00;;0.14;18.00;8.00;8.00;9;;7,40E+12;;;;;;;;;;;;3,505.37
porta-pasaporte-ecocuero-vmcag;"Porta pasaporte ecocuero";Viaje;Color;Negro;;;;;24,840.00;;0.11;19.00;13.00;3.00;3;vacío;7,79E+12;SI;NO;;"documentos, organizacion, viaje";"Porta pasaporte Skora Bs As: seguro y elegante en ecocuero";"Porta pasaporte Skora Bs As con cierre reforzado y ecocuero resistente. Protegé tus documentos con estilo y durabilidad. ¡Compralo ya!";Skora;SI;;;;11,979.00
porta-pasaporte-ecocuero-vmcag;;;Color;Marrón;;;;;24,840.00;;0.11;19.00;13.00;3.00;3;;7,79E+12;;;;;;;;;;;;11,979.00
portapasaporte-liso-bjydl;"Portapasaporte Liso";Viaje;"Modelo único";único;;;;;8,250.00;;0.07;15.00;11.00;1.00;19;vacío;2507;SI;NO;;"documentos, organizacion, viaje";"Porta pasaporte liso en piel sintética, colores variados";"Porta pasaporte liso de piel sintética, disponible en varios colores. Compacto y resistente, ideal para viajes. ¡Compra el tuyo ahora!";Passport;SI;;;;4,235.00
porta-pasaporte-puffer-fh07j;"Porta pasaporte Puffer";Viaje;Color;Lila;;;;;15,480.00;;0.14;23.00;15.00;3.00;7;vacío;9049;SI;NO;;"documentos, organizacion";"Organizador Porta Pasaporte RH2475: Seguro y Compacto";"El Organizador Porta Pasaporte RH2475 protege y organiza tus documentos con estilo y resistencia. Compacto y liviano, ideal para viajar. ¡Compra ahora!";Pratys;SI;;;;8,228.00
porta-pasaporte-puffer-fh07j;;;Color;Negro;;;;;15,480.00;;0.14;23.00;15.00;3.00;5;;9048;;;;;;;;;;;;8,228.00
porta-pasaporte-puffer-fh07j;;;Color;Rosa;;;;;15,480.00;;0.14;23.00;15.00;3.00;3;;9050;;;;;;;;;;;;8,228.00
travel-kit-skora-x4-pzas-f6dit;"Travel kit Skora x4 pzas.";Viaje;Color;Rosa;;;;;6,000.00;;0.06;15.00;14.00;3.00;7;vacío;9168;SI;NO;;"Botellitas, Kit, viaje";"Travel Kit Skora 4 Pzas - Frascos Plásticos Compactos";"Organizá tus líquidos con el Travel Kit Skora de 4 frascos plásticos compactos hasta 13 cm. Ideal para viajes. ¡Compralo ahora y viaja sin preocupaciones!";Skora;SI;;;;2,528.90
travel-kit-skora-x4-pzas-f6dit;;;Color;Turquesa;;;;;6,000.00;;0.06;15.00;14.00;3.00;4;;9170;;;;;;;;;;;;2,528.90
travel-kit-skora-x4-pzas-f6dit;;;Color;Lila;;;;;6,000.00;;0.06;15.00;14.00;3.00;6;;9169;;;;;;;;;;;;2,528.90
mochila-de-viaje-go-0nzht;"Mochila de viaje GO";Viaje;"Modelo único";único;;;;;83,750.01;;1.26;46.00;38.00;5.00;2;vacío;7.79E+17;SI;NO;;"carryon, mochila";"Mochila de viaje GO Verde Militar 24L con Porta Notebook";"Descubrí la Mochila de viaje GO con porta notebook, doble compartimento y cinta carry on. Ideal para viajes y trabajo. ¡Comprala ahora!";Wanderlust;SI;;;;44,768.79
botellon-termico-aesthetic-900ml-wpj38;"Botellón termico Aesthetic 900ML";"Nuevos ingresos, Vasos y Botellas ";Color;Verde;;;;;31,125.00;;0.47;27.50;9.00;9.00;4;vacío;EST0885;SI;NO;;"botella, termica, vaso";"Botellón térmico Aesthetic 900ML con pajita oculta y aislamiento";"Botellón térmico Aesthetic 900ML mantiene bebidas frías 24h, con tapa y pajita oculta anti derrames. Hidratate fácil y sin esfuerzo. ¡Compralo ya!";vacío;SI;;;;13,000.31
botellon-termico-aesthetic-900ml-wpj38;;;Color;Blanca;;;;;31,125.00;;0.47;27.50;9.00;9.00;4;;EST0881;;;;;;;;;;;;13,000.31
botellon-termico-aesthetic-900ml-wpj38;;;Color;Rosa;;;;;31,125.00;;0.47;27.50;9.00;9.00;2;;EST0882;;;;;;;;;;;;13,000.31
botellon-termico-aesthetic-900ml-wpj38;;;Color;Fucsia;;;;;31,125.00;;0.47;27.50;9.00;9.00;5;;EST0884;;;;;;;;;;;;13,000.31
botellon-termico-aesthetic-900ml-wpj38;;;Color;Lila;;;;;31,125.00;;0.47;27.50;9.00;9.00;8;;EST0883;;;;;;;;;;;;13,000.31
termo-wanderlust-1300ml-gbitn;"Termo Wanderlust 1300ml";"Todo para el mate";Color;Blanco;;;;;53,159.99;;0.89;37.00;10.50;10.50;6;vacío;7,79E+12;SI;NO;;"mate, termo";"Termo Wanderlust 1300ml acero inoxidable, mantiene 8h calor";"Termo Wanderlust 1300ml con doble capa de acero inoxidable. Mantiene líquidos calientes 8h y fríos 12h. Ideal para tus aventuras. ¡Compra ahora!";Wanderlust;SI;;;;24,579.94
termo-wanderlust-1300ml-gbitn;;;Color;Negro;;;;;53,159.99;;0.89;37.00;10.50;10.50;3;;7,79E+12;;;;;;;;;;;;24,579.94
termo-wanderlust-1300ml-gbitn;;;Color;Aqua;;;;;53,159.99;;0.89;37.00;10.50;10.50;1;;7,79E+12;;;;;;;;;;;;24,579.94
luz-de-mate-d4415;"Luz de mate";"Nuevos ingresos, Todo para el mate";Color;Blanco;;;;;6,500.00;;0.01;10.10;7.00;4.00;25;vacío;LU02;SI;NO;;"luz, mate";"Luz de Mate compacta con pila incluida y fácil uso";"Ilumina tu mate con esta luz compacta, plástica y con pila CR2032. Fácil de usar: gira y enciende. ¡Compra ya y disfruta mate a la noche!";Quo;SI;;;;2,710.40
luz-de-mate-d4415;;;Color;Negro;;;;;6,500.00;;0.01;10.10;7.00;4.00;23;;LU01;;;;;;;;;;;;2,710.40
botella-hielera-6khsy;"Botella hielera";"Nuevos ingresos, Vasos y Botellas ";Tamaño;Grande;;;;;24,500.00;;0.42;23.00;10.10;10.00;17;vacío;303472009;SI;NO;;"hielera, verano";"Botella hielera acrílica blanca, durable y práctica";"Botella hielera acrílica blanca con silicona, disponible en dos tamaños. Ideal para mantener tus bebidas frías. ¡Compra ahora y disfruta!";vacío;SI;;;;11,482.90
botella-hielera-6khsy;;;Tamaño;Pequeña;;;;;22,400.00;;0.31;17.00;10.10;9.50;25;;303468002;;;;;;;;;;;;9,801.00
pelota-flotante-con-luz-y-musica-pbeun;"Pelota flotante con luz y música";"Nuevos ingresos";"Modelo único";único;;;;;14,875.00;;0.16;18.00;18.50;7.00;4;vacío;EST086;SI;NO;;"infantil, ninos, pelota";"Pelota flotante con luz y música: diversión segura y luminosa";"Pelota flotante con luz y música, borde acolchado y diseño aerodinámico. Ideal para niños desde 3 años. ¡Compra ahora y disfruta la diversión!";vacío;SI;;;;5,953.20
organizador-plegable-beige-con-visor-laq6w;"Organizador plegable beige con visor";"Nuevos ingresos";"Modelo único";único;;;;;14,125.00;;0.42;20.00;27.00;4.00;52;vacío;8.99E+16;SI;NO;;"canasto, organizador";"Organizador plegable beige con visor, resistente y práctico";"Organizador plegable beige con visor en poliéster, ideal para ahorrar espacio y mantener todo ordenado. ¡Compra ahora y organiza fácil!";vacío;SI;;;;7,260.00
organizadores-para-ropa-plegable-con-manijas-8f77f;"Organizadores Para Ropa Plegable Con Manijas";"Nuevos ingresos";"Modelo único";único;;;;;16,625.00;;0.61;31.00;48.00;1.00;0;vacío;6.97E+17;SI;NO;;"canasto, organizador";"Organizadores para ropa plegable con manijas resistentes y prácticos";"Organizadores para ropa plegable de poliéster, 47x28 cm, con manijas para fácil transporte. Ordená tu ropa con estilo y practicidad. ¡Comprá ya!";vacío;SI;;;;6,887.32
perchero-praga-oval-oxmm1;"Perchero PRAGA oval";"Deco Hogar  > Objetos de madera";Color;Kiri;;;;;11,500.00;;0.38;12.50;13.00;11.00;3;vacío;KO1312;SI;NO;;"casa, deco, hogar, madera, perchero";"Perchero PRAGA Oval Melamina Set x3 con Tornillos Incluidos";"Perchero PRAGA oval en melamina sobre MDF, set de 3 con tornillos y tarugos incluidos. Fácil instalación y diseño moderno. ¡Compra ahora y organiza tu espacio!";Kov;SI;;;;6,011.28
perchero-praga-oval-oxmm1;;;Color;Paraiso;;;;;11,500.00;;0.38;12.50;13.00;11.00;5;;KO1311;;;;;;;;;;;;6,011.28
porta-maceta-pack-x3-u6w60;"Porta maceta pack x3";"Deco Hogar  > Objetos de madera";Color;Kiri;;;;;55,000.00;;2.33;35.00;65.00;6.00;0;vacío;KO982;SI;NO;;"casa, deco, hogar, maceta, madera";"Porta maceta pack x3 melamina 18mm con alturas variadas";"Set de 3 porta macetas en melamina 18mm, con alturas de 30, 40 y 50 cm para macetas N°20. Elegí calidad y estilo para tus plantas. ¡Comprá ahora!";Kov;SI;;;;28,088.94
porta-maceta-pack-x3-u6w60;;;Color;Paraiso;;;;;55,000.00;;2.33;35.00;65.00;6.00;1;;KO981;;;;;;;;;;;;28,088.94
mesa-pedestal-pack-x2-pe1xt;"Mesa pedestal pack x2";"Deco Hogar  > Objetos de madera";Color;Kiri;;;;;27,500.00;;2.74;41.00;41.00;6.00;15;vacío;KO951;SI;NO;;"deco, hogar, madera, mesa";"Mesa Pedestal Pack x2 en Melamina 18mm, Alturas 10 y 18 cm";"Pack x2 mesas pedestal en melamina 18mm, con medidas 10 y 18 cm de altura. Calidad y estilo para tu espacio. ¡Compra ahora y renueva tu ambiente!";Kov;SI;;;;13,339.04
mesa-pedestal-pack-x2-pe1xt;;;Color;Carvalho;;;;;27,500.00;;2.74;41.00;41.00;6.00;0;;KO952;;;;;;;;;;;;13,339.04
mesa-baja-organica-4h1ed;"Mesa baja organica";"Deco Hogar  > Objetos de madera";Color;Kiri;;;;;63,000.01;;6.04;54.50;60.50;5.50;6;vacío;KO961;SI;NO;;"deco, hogar, madera, mesa";"Mesa baja orgánica encastrable en melamina 18mm, diseño práctico";"Descubrí la mesa baja orgánica encastrable en melamina 18mm, ideal para espacios funcionales. Aprovechá su diseño práctico y elegante. ¡Comprala ya!";Kov;SI;;;;33,219.34
mesa-baja-organica-4h1ed;;;Color;Paraiso;;;;;63,000.01;;6.04;54.50;60.50;5.50;3;;KO962;;;;;;;;;;;;33,219.34
mesa-baja-circular-t31zi;"Mesa baja circular";"Deco Hogar ";Color;Kiri;;;;;69,000.00;;6.40;55.00;61.00;5.50;2;vacío;KO971;SI;NO;;"casa, hogar, madera, mesa";"Mesa baja circular ratona encastrable en melamina 18mm";"Descubrí la mesa baja circular ratona encastrable de melamina 18mm, ideal para espacios reducidos. Elegí funcionalidad y diseño. ¡Comprala ya!";Kov;SI;;;;37,067.14
mesa-baja-circular-t31zi;;;Color;Paraiso;;;;;69,000.00;;6.40;55.00;61.00;5.50;3;;KO972;;;;;;;;;;;;37,067.14
bandeja-oval-pmj2c;"Bandeja oval";"Deco Hogar  > Objetos de madera";diseño;Rosa;;;;;4,750.00;;0.15;27.00;12.00;0.01;0;vacío;KO181;SI;NO;;"bandeja, casa, deco, hogar, madera";"Bandeja oval Rosa Kiri en melamina sobre MDF, 12x27cm";"Descubrí la bandeja oval Rosa Kiri, resistente melamina sobre MDF de 5,5mm. Ideal para servir con estilo. ¡Comprala ahora!";Kov;SI;;;;2,524.06
bandeja-oval-pmj2c;;;diseño;Roma;;;;;4,750.00;;0.15;27.00;12.00;0.01;24;;KO185;;;;;;;;;;;;2,524.06
bandeja-oval-pmj2c;;;diseño;Corazón;;;;;4,750.00;;0.15;27.00;12.00;0.01;20;;KO183;;;;;;;;;;;;2,524.06
bandeja-oval-pmj2c;;;diseño;Hoja;;;;;4,750.00;;0.15;27.00;12.00;0.01;0;;KO182;;;;;;;;;;;;2,524.06
bandeja-oval-pmj2c;;;diseño;"Asa corazón";;;;;4,750.00;;0.15;27.00;12.00;0.01;0;;KO181;;;;;;;;;;;;2,524.06
tabla-love-h89n7;"Tabla LOVE";"Deco Hogar ";"Modelo único";único;;;;;17,250.00;;0.62;26.00;28.00;2.00;1;vacío;KO127;SI;NO;;"casa, deco, hogar, tabla";"Tabla LOVE en Melamina KIRI 28x25cm - Durabilidad y Estilo";"Descubre la Tabla LOVE en melamina sobre MDF de 18mm, diseño KIRI y medidas 28x25cm. Ideal para tu cocina, combina resistencia y estilo. ¡Compra ahora!";Kov;SI;;;;9,075.00
tabla-homemade-g528l;"Tabla HOMEMADE";"Deco Hogar ";"Modelo único";único;;;;;10,400.00;;0.55;24.00;20.00;2.00;0;vacío;KO128;SI;NO;;"casa, deco, hogar, tabla";"Tabla HOMEMADE de Melamina KIRI 16x20cm - Resistente y Práctica";"Descubrí la Tabla HOMEMADE en melamina KIRI sobre MDF 18mm, ideal para tu cocina. Compacta y resistente. ¡Comprala ya y renová tu espacio!";Kov;SI;;;;5,436.53
tabla-oslo-lemon-su085;"Tabla Oslo Lemon";"Deco Hogar ";"Modelo único";único;;;;;13,500.00;;0.66;30.00;25.00;2.00;4;vacío;KO126;SI;NO;;"casa, deco, hogar, tabla";"Tabla Oslo Lemon de Melamina 20x24cm - Diseño PARAÍSO";"Descubre la Tabla Oslo Lemon en melamina sobre MDF 18mm, tamaño ideal 20x24cm y color PARAÍSO. Perfecta para tu cocina. ¡Compra ahora!";Kov;SI;;;;7,139.00
tabla-pava-love-zef9z;"Tabla pava LOVE";"Deco Hogar ";"Modelo único";único;;;;;10,400.00;;0.51;30.00;17.00;2.00;3;vacío;KO129;SI;NO;;"casa, deco, hogar, tabla";"Tabla pava LOVE en melamina para cocina moderna 14x24cm";"Descubrí la tabla pava LOVE en melamina sobre MDF, color PARAÍSO, ideal para tu cocina. Compacta y resistente. ¡Comprala ya y renová tu espacio!";Kov;SI;;;;5,436.53
tabla-corazon-07wl3;"Tabla corazon";"Deco Hogar ";"Modelo único";único;;;;;10,300.00;;0.53;30.00;15.00;2.00;3;vacío;KO125;SI;NO;;"casa, deco, hogar, tabla";"Tabla Corazón Melamina 18mm Color Paraíso 12x24cm";"Tabla Corazón en melamina sobre MDF 18mm, color Paraíso, 12x24cm. Ideal para tu cocina con estilo. ¡Compra ahora y renueva tu espacio!";Kov;SI;;;;5,436.53
recibidor-curvi-max-7cn58;"Recibidor Curvi max";"Deco Hogar ";Color;Vison;;;;;17,600.00;;0.45;24.00;20.50;9.50;7;vacío;KO1222;SI;NO;;"casa, deco, hogar, recibidor";"Recibidor Curvi Max con Estante y Portallaves - Melamina";"Organizá tu entrada con el Recibidor Curvi Max, melamina 18mm, estante para deco y colgadores. Elegí entre Paraíso y Visón. ¡Compralo ahora!";Kov;SI;;;;9,278.28
recibidor-curvi-max-7cn58;;;Color;Paraiso;;;;;17,600.00;;0.45;24.00;20.50;9.50;7;;KO1221;;;;;;;;;;;;9,278.28
portallave-mini-juohg;"Portallave mini";"Deco Hogar ";diseño;"Sweet Home Sweet";;;;;7,300.00;;0.13;15.00;10.50;4.50;11;vacío;KO1241;SI;NO;;"deco, hogar, PORTALLAVE";"Portallave mini HOME con 3 colgadores de madera natural";"Organizá tus llaves con el Portallave mini HOME, melamina blanca y 3 colgadores de madera. Ideal para mantener todo ordenado. ¡Compralo ya!";Kov;SI;;;;3,692.92
portallave-mini-juohg;;;diseño;Happy;;;;;7,300.00;;0.13;15.00;10.50;4.50;11;;KO1242;;;;;;;;;;;;3,692.92
portasahumerio-oval-resiliencia-kdadj;"Portasahumerio oval";"Deco Hogar ";frases;Resiliencia;;;;;4,250.00;;0.11;17.00;6.00;1.80;6;vacío;KO1213;SI;NO;;"deco, hogar, sahumerios";vacío;vacío;Kov;SI;;;;2,197.36
portasahumerio-oval-resiliencia-kdadj;;;frases;Familia;;;;;4,250.00;;0.11;17.00;6.00;1.80;9;;KO1211;;;;;;;;;;;;2,197.36
portasahumerio-oval-resiliencia-kdadj;;;frases;Gratitud;;;;;4,250.00;;0.11;17.00;6.00;1.80;7;;KO1212;;;;;;;;;;;;2,197.36
neceser-go-impermeable-bb71j;"Neceser GO Impermeable";vacío;"Modelo único";único;;;;;0.00;;0.00;0.00;0.00;0.00;;vacío;vacío;NO;NO;;"neceser, organizador, viaje";vacío;vacío;Wanderlust;SI;;;;
neceser-urban-tres-compartimientos-fjqg6;"Neceser Urban tres compartimientos";vacío;Color;Negro;;;;;0.00;;0.00;23.50;13.00;9.50;;vacío;vacío;NO;NO;;"neceser, organizador, viaje";vacío;vacío;Wanderlust;SI;;;;
neceser-urban-tres-compartimientos-fjqg6;;;Color;Marrón;;;;;0.00;;0.00;23.50;13.00;9.50;;;;;;;;;;;;;;;
neceser-urban-tres-compartimientos-fjqg6;;;Color;Gris;;;;;0.00;;0.00;23.50;13.00;9.50;;;;;;;;;;;;;;;
neceser-urban-tres-compartimientos-fjqg6;;;Color;Azul;;;;;0.00;;0.00;23.50;13.00;9.50;;;;;;;;;;;;;;;
neceser-go-engomado-con-tres-compartimentos-x2fki;"Neceser Go Engomado con tres compartimentos";vacío;Color;Verde;;;;;0.00;;0.00;23.50;13.00;9.50;;vacío;vacío;NO;NO;;"neceser, organizador, viaje";vacío;vacío;Wanderlust;SI;;;;
neceser-go-engomado-con-tres-compartimentos-x2fki;;;Color;Negro;;;;;0.00;;0.00;23.50;13.00;9.50;;;;;;;;;;;;;;;
neceser-go-wzi5o;"Neceser GO";vacío;Color;Gris;;;;;0.00;;0.00;23.00;18.00;8.50;;vacío;vacío;NO;NO;;"neceser, organizador, viaje";vacío;vacío;Wanderlust;SI;;;;
neceser-go-wzi5o;;;Color;Beige;;;;;0.00;;0.00;23.00;18.00;8.50;;;;;;;;;;;;;;;
neceser-go-wzi5o;;;Color;Negro;;;;;0.00;;0.00;23.00;18.00;8.50;;;;;;;;;;;;;;;
neceser-urban-d5shm;"Neceser Urban";Viaje;Color;Negro;;;;;0.00;;0.00;23.00;13.00;10.00;;vacío;vacío;NO;NO;;"neceser, organizador, viaje";vacío;vacío;Wanderlust;SI;;;;
neceser-urban-d5shm;;;Color;Gris;;;;;0.00;;0.00;23.00;13.00;10.00;;;;;;;;;;;;;;;
neceser-urban-d5shm;;;Color;Verde;;;;;0.00;;0.00;23.00;13.00;10.00;;;;;;;;;;;;;;;
neceser-urban-d5shm;;;Color;Azul;;;;;0.00;;0.00;23.00;13.00;10.00;;;;;;;;;;;;;;;
neceser-wanderlust-82qxg;"Neceser Wanderlust";Viaje;Color;Negro;;;;;0.00;;0.00;13.00;22.00;8.00;;vacío;vacío;NO;NO;;"neceser, organizador, viaje";vacío;vacío;Wanderlust;SI;;;;
neceser-wanderlust-82qxg;;;Color;Azul;;;;;0.00;;0.00;13.00;22.00;8.00;;;;;;;;;;;;;;;
neceser-wanderlust-82qxg;;;Color;Verde;;;;;0.00;;0.00;13.00;22.00;8.00;;;;;;;;;;;;;;;
neceser-go-con-compartimento-separador-utb1y;"Neceser GO con compartimento separador";Viaje;"Modelo único";único;;;;;0.00;;0.00;14.00;23.50;5.00;;vacío;vacío;NO;NO;;"neceser, organizador, viaje";Neceser;vacío;Wanderlust;SI;;;;
set-organizador-de-ropa-equipajes-wanderlust-4-bolsas-4y2r8;"Set Organizador De Ropa Equipajes Wanderlust 4 Bolsas";Viaje;"Modelo único";único;;;;;16,380.00;;0.17;34.00;35.00;3.00;36;7.79E+17;7.79E+17;SI;NO;;"organizador, viaje";"Organizador de viaje";vacío;Wanderlust;SI;;;;7,865.00
porta-documento-skora-nrx50;"Porta documento SKORA";vacío;Color;Negro;;;;;25,500.00;;0.12;18.00;12.00;3.00;3;vacío;2991;NO;NO;;"billetera, Fichero, portadocumento, tarjetero";Billetera;vacío;Skora;SI;;;;11,979.00
porta-documento-skora-nrx50;;;Color;Verde;;;;;25,500.00;;0.12;18.00;12.00;3.00;0;;2992;;;;;;;;;;;;11,979.00
porta-documento-skora-nrx50;;;Color;Beige;;;;;25,500.00;;0.12;18.00;12.00;3.00;0;;2993;;;;;;;;;;;;11,979.00
billetera-namir-5q488;"Billetera Namir";vacío;"Modelo único";único;;;;;0.00;;0.00;11.00;10.00;2.00;;vacío;vacío;NO;NO;;"billetera, Fichero, tarjetero";Billetera;vacío;Skora;SI;;;;
fichero-rif-qes7j;"Fichero Rif";vacío;Color;Negra;;;;;0.00;;0.00;9.50;19.50;3.00;;vacío;vacío;NO;NO;;"billetera, Fichero, tarjetero";Billetera;vacío;Skora;SI;;;;
fichero-rif-qes7j;;;Color;Celeste;;;;;0.00;;0.00;9.50;19.50;3.00;;;;;;;;;;;;;;;
fichero-rif-qes7j;;;Color;Cemento;;;;;0.00;;0.00;9.50;19.50;3.00;;;;;;;;;;;;;;;
fichero-nador-o20vi;"Fichero Nador";vacío;Color;Amarillo;;;;;0.00;;0.00;9.50;19.50;4.00;;vacío;vacío;NO;NO;;"billetera, Fichero, tarjetero";Billetera;vacío;Skora;SI;;;;
fichero-nador-o20vi;;;Color;Celeste;;;;;0.00;;0.00;9.50;19.50;4.00;;;;;;;;;;;;;;;
fichero-nador-o20vi;;;Color;Rosa;;;;;0.00;;0.00;9.50;19.50;4.00;;;;;;;;;;;;;;;
fichero-nador-o20vi;;;Color;Negro;;;;;0.00;;0.00;9.50;19.50;4.00;;;;;;;;;;;;;;;
tarjetero-nador-1czln;"Tarjetero Nador";vacío;Color;Negro;;;;;0.00;;0.00;8.50;12.00;0.00;;vacío;vacío;NO;NO;;"billetera, tarjetero";vacío;vacío;Skora;SI;;;;
tarjetero-nador-1czln;;;Color;Rosa;;;;;0.00;;0.00;8.50;12.00;0.00;;;;;;;;;;;;;;;
tarjetero-nador-1czln;;;Color;Celeste;;;;;0.00;;0.00;8.50;12.00;0.00;;;;;;;;;;;;;;;
tarjetero-nador-1czln;;;Color;Amarillo;;;;;0.00;;0.00;8.50;12.00;0.00;;;;;;;;;;;;;;;
mochila-cooler-conservadora-90ye2;"Mochila cooler conservadora";"Todo para el mate, Viaje";Color;Verde;;;;;57,499.99;;0.50;42.00;38.00;2.00;1;vacío;7,79E+12;SI;NO;;"conservadora, matera, mochila, viaje";"Mochila cooler conservadora térmica con bolsillos y tiras ajustables";"Mochila cooler conservadora con aislamiento térmico, múltiples bolsillos y tiras acolchadas. Ideal para mantener tus bebidas frescas. ¡Compra ahora!";Wanderlust;SI;;;;26,618.79
mochila-cooler-conservadora-90ye2;;;Color;Negra;;;;;57,499.99;;0.50;42.00;38.00;2.00;5;7790774405363;7,79E+12;;;;;;;;;;;;26,618.79
mochila-cooler-conservadora-90ye2;;;Color;Marrón;;;;;57,499.99;;0.50;42.00;38.00;2.00;0;7790774405387;7,79E+12;;;;;;;;;;;;26,618.79
bolso-matero-wanderlust-w-active-e9tdt;"Bolso Matero Wanderlust W-Active";"Todo para el mate";Color;Fucsia;;;;;45,900.01;;0.40;30.00;28.00;5.00;3;vacío;7,79E+12;SI;NO;;"Bolso, mate, matera, matero";"Bolso matero";vacío;Wanderlust;SI;;;;22,977.90
bolso-matero-wanderlust-w-active-e9tdt;;;Color;Negro;;;;;45,900.01;;0.40;30.00;28.00;5.00;5;;7,79E+12;;;;;;;;;;;;22,977.90
bolso-matero-wanderlust-w-active-e9tdt;;;Color;Gris;;;;;45,900.01;;0.40;30.00;28.00;5.00;2;;7,79E+12;;;;;;;;;;;;22,977.90
bolso-playero-mesh-obtwr;"Bolso playero Mesh";Viaje;"Modelo único";único;;;;;41,900.00;;0.49;50.00;41.00;16.00;22;vacío;7.79E+17;SI;NO;;"mochila, viaje";"Bolso playero";vacío;Skora;SI;;;;20,557.90
mochila-travel-skora-2bdwz;"Mochila Travel Skora";vacío;Color;"Animal Print";;;;;0.00;;0.00;46.00;33.00;15.00;;vacío;vacío;NO;NO;;"mochila, viaje";"Mochilas de viaje";vacío;Skora;SI;;;;
mochila-travel-skora-2bdwz;;;Color;Coral;;;;;0.00;;0.00;46.00;33.00;15.00;;;;;;;;;;;;;;;
mochila-travel-go-wanderlust-safvu;"Mochila Travel Go Wanderlust";Viaje;Color;Negro;;;;;0.00;;0.00;29.50;19.50;0.00;;vacío;vacío;NO;NO;;"mochila, viaje";"Mochilas de viaje";vacío;Wanderlust;SI;;;;
mochila-travel-go-wanderlust-safvu;;;Color;Rosa;;;;;0.00;;0.00;29.50;19.50;0.00;;;;;;;;;;;;;;;
agenda-compacta-sem-vista-ba76i;"Agenda COMPACTA sem vista";"Librería, AGENDAS";diseño;Huellitas;;;;;17,000.00;;0.17;17.00;13.50;1.50;0;vacío;7,80E+12;SI;NO;;"2026, agenda";"Agendas 2026";vacío;vacío;SI;;;;7,852.90
agenda-compacta-sem-vista-ba76i;;;diseño;Creando;;;;;17,000.00;;0.17;17.00;13.50;1.50;0;;7,80E+12;;;;;;;;;;;;7,852.90
agenda-compacta-sem-vista-ba76i;;;diseño;"Diseñando la vida que amo";;;;;17,000.00;;0.17;17.00;13.50;1.50;0;;7,80E+12;;;;;;;;;;;;7,852.90
agenda-compacta-sem-vista-ba76i;;;diseño;Brillando;;;;;17,000.00;;0.17;17.00;13.50;1.50;0;;7,80E+12;;;;;;;;;;;;7,852.90
agenda-pocket-e0f2f;"Agenda pocket";"Librería, AGENDAS";diseño;Brisa;;;;;26,000.00;;0.21;17.00;11.00;2.00;0;vacío;7,80E+12;SI;NO;;"2026, agenda";"Agendas 2026";vacío;vacío;SI;;;;12,087.90
agenda-pocket-e0f2f;;;diseño;"Wow, todo este universo para mí";;;;;26,000.00;;0.21;17.00;11.00;2.00;0;;7,80E+12;;;;;;;;;;;;12,087.90
agenda-pocket-e0f2f;;;diseño;"Todo es perfecto";;;;;26,000.00;;0.21;17.00;11.00;2.00;0;;7,80E+12;;;;;;;;;;;;12,087.90
agenda-pocket-e0f2f;;;diseño;Hawaii;;;;;26,000.00;;0.21;17.00;11.00;2.00;0;;7,80E+12;;;;;;;;;;;;12,087.90
agenda-pocket-e0f2f;;;diseño;"Hay magia en los nuevos comienzos";;;;;26,000.00;;0.21;17.00;11.00;2.00;0;;7,80E+12;;;;;;;;;;;;12,087.90
agenda-semana-a-la-vista-krxy6;"Agenda Semana a la vista";"Librería, AGENDAS";diseño;Brisa;;;;;37,500.00;;0.55;21.00;18.00;3.00;0;vacío;7,80E+12;SI;NO;;"2026, agenda";"Agendas 2026";vacío;Watermelon;SI;;;;18,137.90
agenda-semana-a-la-vista-krxy6;;;diseño;"Hay magia en los nuevos comienzos";;;;;37,500.00;;0.55;21.00;18.00;3.00;0;;7,80E+12;;;;;;;;;;;;18,137.90
agenda-semana-a-la-vista-krxy6;;;diseño;"Wow, todo este universo para mí";;;;;37,500.00;;0.55;21.00;18.00;3.00;0;;7,80E+12;;;;;;;;;;;;18,137.90
agenda-semana-a-la-vista-krxy6;;;diseño;Hawaii;;;;;37,500.00;;0.55;21.00;18.00;3.00;0;;7,80E+12;;;;;;;;;;;;18,137.90
agenda-semana-a-la-vista-krxy6;;;diseño;"Todo es perfecto";;;;;37,500.00;;0.55;21.00;18.00;3.00;0;;7,80E+12;;;;;;;;;;;;18,137.90
agenda-diaria-todo-es-perfecto-yvy48;"Agenda Diaria";"Librería, AGENDAS";diseño;"TODO ES PERFECTO";;;;;47,999.99;;0.71;21.00;18.00;4.00;0;vacío;7,80E+12;SI;NO;;vacio;vacío;vacío;vacío;SI;;;;24,187.90
agenda-diaria-todo-es-perfecto-yvy48;;;diseño;"Hay magia en los nuevos comienzos";;;;;47,999.99;;0.71;21.00;18.00;4.00;0;;7,80E+12;;;;;;;;;;;;24,187.90
agenda-diaria-todo-es-perfecto-yvy48;;;diseño;"Blanco y negro";;;;;47,999.99;;0.71;21.00;18.00;4.00;0;;7,80E+12;;;;;;;;;;;;24,187.90
agenda-diaria-todo-es-perfecto-yvy48;;;diseño;"Wow, todo este universo para mi";;;;;47,999.99;;0.71;21.00;18.00;4.00;0;;7,80E+12;;;;;;;;;;;;24,187.90
agenda-neutra-diaria-argentina-okrzm;"Agenda NEUTRA diaria ARGENTINA";AGENDAS;"Modelo único";único;;;;;47,999.99;;0.71;21.00;18.00;4.00;0;vacío;7.80E+17;SI;NO;;vacio;vacío;vacío;vacío;SI;;;;24,187.90
quita-pelusa-con-mango;"Quita pelusa con mango";"Nuevos ingresos, Cocina y Bazar";Color;Blanco;;;;;10,350.00;;0.15;17.00;7.50;7.00;23;vacío;6,90E+12;SI;NO;;vacio;vacío;vacío;vacío;SI;;;;5,000.00
aceitero-en-spray;"Aceitero en spray";"Cocina y Bazar";Color;Blanco;;;;;9,720.00;;0.19;23.00;8.00;6.00;24;vacío;6,92E+12;SI;NO;;vacio;vacío;vacío;vacío;SI;;;;3,500.00
mesa-hierro-52x42;"Mesa hierro 52x42";"Deco Hogar ";"Modelo único";único;;;;;64,679.98;;2.91;49.00;54.00;4.00;2;vacío;401920;SI;NO;;vacio;vacío;vacío;vacío;SI;;;;28,470.00
mesa-hierro-y-pata-madera-42x42;"Mesa hierro y pata madera 42x42";"Deco Hogar ";"Modelo único";único;;;;;46,679.99;;1.98;44.00;44.00;4.00;2;vacío;401922;SI;NO;;vacio;vacío;vacío;vacío;SI;;;;20,150.00
vaso-coffe-cup-con-faja-silicona-400ml;"Vaso coffe cup con faja silicona 400ml";"Vasos y Botellas ";Color;Blanco;;;;;30,599.99;;0.37;18.00;9.00;9.00;3;vacío;5897;SI;NO;;vacio;vacío;vacío;vacío;SI;;;;13,000.00
vaso-coffe-cup-con-faja-silicona-400ml;;;Color;Terracota;;;;;30,599.99;;0.37;18.00;9.00;9.00;3;;5899;;;;;;;;;;;;13,000.00
vaso-termico-con-agarre-cuero-y-cinta-450ml;"Vaso termico con agarre cuero y cinta 450ml";"Vasos y Botellas ";Color;Negro;;;;;31,800.00;;0.37;18.00;9.00;9.00;1;vacío;4382;SI;NO;;vacio;vacío;vacío;vacío;SI;;;;14,560.00
vaso-termico-con-agarre-cuero-y-cinta-450ml;;;Color;Gris;;;;;31,800.00;;0.37;18.00;9.00;9.00;0;;4385;;;;;;;;;;;;14,560.00
parrilla-portatil-plegable-tipo-maletin;"Parrilla portatil plegable tipo maletin";"Cocina y Bazar";"Modelo único";único;;;;;65,879.99;;2.29;45.00;28.00;8.00;2;vacío;7,80E+12;NO;NO;;vacio;vacío;vacío;vacío;SI;;;;29,238.00
cortinas-de-bano-simil-lino;"Cortinas de baño simil lino";"Baño y accesorios";Color;Blanco;;;;;44,500.01;;0.35;30.00;24.00;3.00;0;vacío;7,80E+12;SI;NO;;vacio;vacío;vacío;vacío;SI;;;;14,000.00
cortinas-de-bano-simil-lino;;;Color;Beige;;;;;18,743.29;;0.35;30.00;24.00;3.00;0;;7,80E+12;;;;;;;;;;;;14,000.00
vaso-espigas-transparente;"Vaso espigas transparente";"Cocina y Bazar";"Modelo único";único;;;;;7,980.00;;0.13;9.00;7.00;7.00;16;vacío;VVAESPI;SI;NO;;vacio;vacío;vacío;vacío;SI;;;;3,060.00
vaso-rayado-transparente;"Vaso rayado transparente";"Vasos y Botellas ";"Modelo único";único;;;;;6,260.00;;0.33;10.00;8.00;8.00;27;vacío;ZVACL;SI;NO;;vacio;vacío;vacío;vacío;SI;;;;2,400.00
botella-rayada-transparente;"Botella rayada transparente";"Cocina y Bazar";"Modelo único";único;;;;;14,125.00;;0.50;24.00;9.00;8.00;1;vacío;ZBOCL;SI;NO;;vacio;vacío;vacío;vacío;SI;;;;4,100.00
botella-rayada-humo;"Botella rayada humo";"Cocina y Bazar";"Modelo único";único;;;;;14,125.00;;0.50;24.00;9.00;8.00;4;vacío;ZBOGR;SI;NO;;vacio;vacío;vacío;vacío;SI;;;;4,100.00
botellas-labradas;"Botellas labradas";"Cocina y Bazar";Color;Humo;;;;;13,125.00;;0.50;24.00;9.00;8.00;6;vacío;ZJARGR;SI;NO;;vacio;vacío;vacío;vacío;SI;;;;3,810.00
botellas-labradas;;;Color;Transparente;;;;;11,054.00;;0.50;24.00;9.00;8.00;1;;ZJARCL;;;;;;;;;;;;3,810.00
juego-de-6-copas-de-cristal-con-borde-dorado;"Juego de 6 copas de cristal con borde dorado";"Nuevos ingresos, Cocina y Bazar";"Modelo único";único;;;;;23,400.00;;1.50;21.00;25.00;17.00;0;vacío;2.02E+17;SI;NO;;vacio;vacío;vacío;vacío;SI;;;;10,000.00
frascos-de-vidrio-con-tapa-hermetica-y-visor;"Frascos de vidrio con tapa hermética y visor";"Organizacion, Cocina y Bazar";Tamaño;Grande;;;;;11,820.00;;0.34;16.00;10.00;10.00;8;vacío;7,90E+12;SI;NO;;vacio;"Frascos de vidrio con tapa hermética y visor - tamaños grandes y chi";"Frascos de vidrio cuadrados con tapa metálica hermética y visor. Disponibles en tamaños grande y chico, ideales para conservar alimentos frescos. ¡Compra ahora!";vacío;SI;;;;3,300.00
frascos-de-vidrio-con-tapa-hermetica-y-visor;;;Tamaño;Chico;;;;;11,820.00;;0.27;11.00;10.00;10.00;8;;7,90E+12;;;;;;;;;;;;3,075.00
cadena-deco-de-madera;"Cadena deco de madera";"Deco Hogar ";Color;marrón;;;;;38,999.99;;0.22;55.00;10.00;10.00;17;vacío;302703;SI;NO;;vacio;"Cadena deco de madera natural para decoración rústica";"Añade un toque rústico con la cadena deco de madera natural. Ideal para interiores que buscan calidez y estilo. ¡Decora tu espacio hoy!";vacío;SI;;;;15,000.00
cadena-deco-de-madera;;;Color;negra;;;;;38,999.99;;0.22;55.00;10.00;10.00;17;;302703;;;;;;;;;;;;15,000.00
planta-artificial-olivo-de-1mts;"Planta artificial "" OLIVO"" de 1mts";"Deco Hogar ";"Modelo único";único;;;;;82,679.98;;1.69;100.00;45.00;45.00;2;vacío;PL135;NO;NO;;vacio;"Planta Artificial Olivo 1mts - Verde Duradero para Hogar";"Planta artificial Olivo de 1mts, ideal para decorar y dar verde natural a tu hogar sin mantenimiento. ¡Compra ahora y renueva tu espacio!";vacío;SI;;;;29,990.00
vaso-termo-bossa-450ml;"Vaso/ Termo Bossa 450ml";"Todo para el mate, Vasos y Botellas ";Color;Blanco;;;;;45,587.99;;0.40;22.00;9.00;9.00;0;vacío;7,80E+12;SI;NO;;vacio;"Vaso Térmico Bossa 450ml con Doble Pared y Tapa Hermética";"Disfrutá tu bebida favorita con el vaso térmico Bossa 450ml, doble pared y tapa hermética. Ideal para frío o calor. ¡Compralo ahora y mantené la temperatura!";vacío;SI;;;;20,683.00
vaso-termico-olivera-450ml;"Vaso termico Olivera 450ml";"Vasos y Botellas ";Color;Negro;;;;;41,940.00;;0.35;20.00;9.00;9.00;3;vacío;7,80E+12;SI;NO;;vacio;"Vaso térmico Olivera 450ml doble pared y tapa hermética";"Descubrí el vaso térmico Olivera 450ml con doble pared, tapa hermética y antideslizante. Ideal para mantener bebidas calientes o frías. ¡Compralo ya!";vacío;SI;;;;19,010.00
vaso-termico-olivera-450ml;;;Color;Verde;;;;;41,940.00;;0.35;20.00;9.00;9.00;0;;7,80E+12;;;;;;;;;;;;19,010.00
vaso-termico-olivera-450ml;;;Color;Blanco;;;;;41,940.00;;0.35;20.00;9.00;9.00;2;;7,80E+12;;;;;;;;;;;;19,010.00
vaso-termico-olivera-450ml;;;Color;Rosa;;;;;41,940.00;;0.35;20.00;9.00;9.00;1;;7,80E+12;;;;;;;;;;;;19,010.00
vaso-termico-olivera-450ml;;;Color;Beige;;;;;41,940.00;;0.35;20.00;9.00;9.00;0;;7,80E+12;;;;;;;;;;;;19,010.00
vaso-termico-clyde-480ml;"Vaso termico Clyde 480ml";"Nuevos ingresos, Vasos y Botellas ";Color;Negro;;;;;47,880.00;;0.37;18.00;9.00;9.00;0;vacío;7,80E+12;NO;NO;;vacio;"Vaso térmico Clyde 480ml con tapa hermética y aislamiento cerámico";"Disfrutá tu bebida en el vaso térmico Clyde 480ml con doble pared y capa cerámica. Tapa hermética, antideslizante y portátil. ¡Compralo ya!";vacío;SI;;;;21,600.00
vaso-termico-clyde-480ml;;;Color;Verde;;;;;47,880.00;;0.37;18.00;9.00;9.00;3;;7,80E+12;;;;;;;;;;;;21,600.00
vaso-termico-clyde-480ml;;;Color;Blanco;;;;;47,880.00;;0.37;18.00;9.00;9.00;3;;7,80E+12;;;;;;;;;;;;21,600.00
vaso-termico-clyde-480ml;;;Color;Rosa;;;;;47,880.00;;0.37;18.00;9.00;9.00;3;;7,80E+12;;;;;;;;;;;;21,600.00
mochila-matera-wander;"Mochila matera Wander";"Todo para el mate";Color;"Gris oscuro";;;;;65,399.98;;0.58;45.00;40.00;9.00;1;vacío;7,79E+12;SI;NO;;vacio;"Mochila matera Wander liviana con bolsillos acolchados y separadores";"Descubrí la mochila matera Wander, práctica y liviana, con bolsillo portanotebook y separadores acolchados para mate. ¡Comprala ahora!";vacío;SI;;;;23,990.00
mochila-matera-wander;;;Color;"Verde oscuro";;;;;65,399.98;;0.58;45.00;40.00;9.00;1;;7,79E+12;;;;;;;;;;;;23,990.00
mochila-expansible-con-portanotebook-wanderlust;"Mochila expansible con Portanotebook Wanderlust";"Nuevos ingresos, Viaje";"Modelo único";único;;;;;59,880.00;;0.91;50.00;39.00;9.00;0;vacío;7,79E+12;NO;NO;;vacio;"Mochila expansible Wanderlust con portanotebook y USB";"Descubrí la mochila expansible Wanderlust con puerto USB, compartimentos amplios y ajuste seguro. Ideal para viajar con comodidad. ¡Comprala ya!";vacío;SI;;;;23,990.00
mochila-travel-go-18-con-portanotebook-wanderlust;"Mochila Travel Go 18´ con Portanotebook Wanderlust";"Nuevos ingresos, Viaje";Color;Gris;;;;;65,399.98;;0.73;50.00;36.00;9.00;1;vacío;7,79E+12;SI;NO;;"carryon, mochila";"Mochila Travel Go 18"" con Portanotebook y Puerto USB";"Lleva todo seguro con la mochila Travel Go 18"", cómoda, con puerto USB y ajuste para trolley. Ideal para viajes y uso diario. ¡Comprala ahora!";Wanderlust;SI;;;;29,900.00
mochila-travel-go-18-con-portanotebook-wanderlust;;;Color;Verde;;;;;65,399.98;;0.73;50.00;36.00;9.00;1;7,79E+12;7,79E+12;;;;;;;;;;;;29,900.00
mochila-carry-on-17-con-portanetbook-wanderlust;"Mochila Carry On 17´ con Portanetbook Wanderlust";"Nuevos ingresos, Viaje";"Modelo único";único;;;;;80,280.01;;0.83;50.00;33.00;12.00;4;vacío;7,79E+12;SI;NO;;vacio;"Mochila Carry On 17"" con Portanotebook y Bolsillos de Seguridad";"Descubrí la Mochila Carry On 17"" con portanotebook y bolsillos seguros. Expandible y cómoda, ideal para viajar. ¡Comprala y viajá tranquilo!";vacío;SI;;;;36,990.00
botella-termica-degrade-wanderlust;"Botella térmica degradé Wanderlust";"Vasos y Botellas ";Color;"Negro con azul";;;;;32,280.00;;0.36;29.00;8.00;8.00;28;vacío;7,79E+12;SI;NO;;vacio;"Botella térmica degradé Wanderlust 600ml con pico rebatible";"Mantén tus bebidas frías o calientes con la botella térmica degradé Wanderlust de 600ml. Ideal para gym, oficina o viaje. ¡Compra ya y disfruta!";vacío;SI;;;;11,708.00
botella-termica-degrade-wanderlust;;;Color;"Negro con amarillo";;;;;32,280.00;;0.36;29.00;8.00;8.00;28;;7,79E+12;;;;;;;;;;;;11,708.00
botella-lisa-de-acero;"Botella lisa de acero";"Vasos y Botellas ";Color;Blanco;;;;;21,000.00;;0.24;29.00;8.00;7.00;12;vacío;9222;SI;NO;;vacio;"Botella lisa de acero inoxidable 500ml para bebidas frías";"Botella lisa de acero inoxidable de 500ml que mantiene tus bebidas frías por más tiempo. Ideal para uso diario. ¡Compra ahora y disfruta frescura constante!";vacío;SI;;;;9,000.00
botella-lisa-de-acero;;;Color;Rojo;;;;;21,000.00;;0.24;29.00;8.00;7.00;2;;9223;;;;;;;;;;;;9,000.00
botella-lisa-de-acero;;;Color;Azul;;;;;21,000.00;;0.24;29.00;8.00;7.00;0;;9224;;;;;;;;;;;;9,000.00
kit-de-botellitas-de-viaje-x6pzas-rosa-skora;"Kit de botellitas de viaje x6pzas - rosa Skora";Viaje;"Modelo único";único;;;;;7,487.00;;0.08;16.00;18.00;4.00;36;vacío;7.79E+17;SI;NO;;vacio;"Kit de botellitas de viaje x6 rosa Skora - práctico y resistente";"Kit de botellitas de viaje x6 rosa Skora, ideal para tus escapadas. Duraderas y organizadas en un estuche transparente. ¡Compralo y viajá cómodo!";vacío;SI;;;;2,890.00
organizador-de-valija-x6pzas-wanderlust;"Organizador de valija x6pzas Wanderlust";Viaje;Color;Gris;;;;;23,400.00;;0.15;30.00;40.00;3.00;7;vacío;7,79E+12;SI;NO;;vacio;"Organizador de valija x6pzas Wanderlust impermeable y espacioso";"Organizá tu valija con el set x6pzas Wanderlust, nylon impermeable y múltiples bolsillos. Optimiza espacio y viajá tranquilo. ¡Compralo ya!";vacío;SI;;;;7,900.00
organizador-de-valija-x6pzas-wanderlust;;;Color;Negro;;;;;23,400.00;;0.15;30.00;40.00;3.00;6;;7,79E+12;;;;;;;;;;;;7,900.00
set-de-latas-ecocuero;"Set de latas ecocuero";"Todo para el mate";Color;arena;;;;;15,375.00;;0.23;24.00;10.00;9.00;2;vacío;HT043;SI;NO;;vacio;"Set de latas ecocuero 100% cruelty free para yerba y azúcar";"Set de latas de cuero ecológico, resistentes y fáciles de limpiar. Incluyen inscripción para yerba y azúcar. ¡Compra práctico y sostenible hoy!";vacío;SI;;;;5,900.00
set-de-latas-ecocuero;;;Color;negro;;;;;15,375.00;;0.23;24.00;10.00;9.00;5;;HT041;;;;;;;;;;;;5,900.00
set-de-latas-ecocuero;;;Color;"verde militar";;;;;15,375.00;;0.23;24.00;10.00;9.00;13;;HT042;;;;;;;;;;;;5,900.00
canasta-matera-premium-3heq8;"Canasta matera Premium";"Todo para el mate";Color;negra;;;;;97,375.02;;0.60;22.00;30.00;15.00;2;vacío;HT021;SI;NO;;vacio;"Canasta matera Premiun Bahia en cuero ecológico y rafia natural";"Canasta matera Premiun Bahia, 100% cruelty free, resistente y práctica con interior impermeable y asas en cuero ecológico. ¡Llevá tu mate con estilo!";vacío;SI;;;;36,100.00
canasta-matera-premium-3heq8;;;Color;"beige con negra";;;;;97,375.02;;0.60;22.00;30.00;15.00;0;;HT022;;;;;;;;;;;;36,100.00
canasta-matera-premium-3heq8;;;Color;"beige con verde";;;;;97,375.02;;0.60;22.00;30.00;15.00;2;;HT023;;;;;;;;;;;;36,100.00
gancho-de-acero-para-cortina-de-bano;"Gancho de acero para cortina de baño";"Baño y accesorios";"Modelo único";único;;;;;9,000.00;;0.10;20.00;7.00;3.00;18;vacío;GAN03;SI;NO;;vacio;"Gancho de acero para cortina de baño - 12 unidades durables";"Gancho de acero para cortina de baño con 12 piezas resistentes y diseño metálico. Asegura un ajuste seguro y elegante. ¡Compra ahora y renueva tu baño!";vacío;SI;;;;3,100.00
gancho-cromado-cristal-para-cortina-de-bano;"Gancho cromado cristal para cortina de baño";"Baño y accesorios";Tamaño;Chico;;;;;24,260.00;;0.25;14.00;8.00;6.00;0;7,80E+12;7,80E+12;NO;NO;;vacio;vacío;vacío;vacío;SI;;;;7,190.00
dispenser-ceramica-simil-piedra;"Dispenser cerámica simil piedra";"Baño y accesorios";"Modelo único";único;;;;;16,500.00;;0.30;16.00;8.00;8.00;14;vacío;7,80E+12;SI;NO;;vacio;"Dispenser cerámica simil piedra 480ml - Estilo y funcionalidad";"Dispenser cerámica simil piedra ideal para jabón líquido, con capacidad de 480ml y diseño elegante. Dale estilo a tu baño. ¡Compra ahora!";vacío;SI;;;;3,025.00
dispenser-plastico-c-tapa-de-bamboo1;"Dispenser plástico c/tapa de bamboo";"Baño y accesorios";"Modelo único";único;;;;;9,588.00;;0.15;16.00;9.00;9.00;4;vacío;2.02E+17;SI;NO;;vacio;"Dispenser plástico con tapa de bamboo - Elegancia y funcionalidad";"Dispenser plástico con tapa de bamboo, ideal para jabón líquido. Diseño moderno y capacidad de 480ml. ¡Agrega estilo y orden a tu baño hoy!";vacío;SI;;;;2,325.00
juego-de-bano-x3pzas-simil-marmol;"Juego de baño x3pzas simil marmol";"Baño y accesorios";"Modelo único";único;;;;;40,200.01;;1.40;16.00;27.00;11.00;2;vacío;2,02E+12;NO;NO;;vacio;"Juego de baño x3pzas simil mármol: elegante y funcional";"Renová tu baño con este juego x3pzas simil mármol en cerámica. Incluye dispenser, porta cepillo y escobilla. ¡Elegancia y practicidad al alcance!";vacío;SI;;;;12,400.00
juego-de-bano-x3pzas-simil-piedra;"Juego de baño x3pzas simil piedra";"Baño y accesorios";"Modelo único";único;;;;;41,125.00;;1.50;30.00;19.00;10.00;15;vacío;2,02E+12;SI;NO;;vacio;"Juego de baño x3pzas simil piedra: elegancia y funcionalidad";"Set de baño x3 piezas en cerámica simil piedra, con dispenser, porta cepillo y escobilla. Elegí estilo y practicidad para tu baño hoy.";vacío;SI;;;;12,300.00
juego-de-bano-x4pzas-plastico-y-bamboo;"Juego de baño x4pzas plástico y bamboo";"Baño y accesorios";"Modelo único";único;;;;;39,000.00;;0.71;27.00;18.00;11.00;9;vacío;2.02E+17;SI;NO;;vacio;"Juego de baño x4 piezas plástico y bamboo, elegante y práctico";"Juego de baño 4 piezas en plástico y bamboo con dispenser, jabonera y escobilla. Dale estilo y funcionalidad a tu baño. ¡Compralo ahora!";vacío;SI;;;;15,470.00
pano-de-secado-demontable;"Paño de secado demontable";"Cocina y Bazar";"Modelo único";único;;;;;23,520.00;;0.26;44.00;20.00;8.00;13;vacío;7.80E+17;SI;NO;;vacio;"Paño de secado desmontable con escurridores para platos";"Paño de secado desmontable con escurridores ideales para platos, vasos y cubiertos. Facilita el secado y orden. ¡Compra ahora y mejora tu cocina!";vacío;SI;;;;9,000.00
cortinas-de-bano-estampadas;"Cortinas de baño estampadas";"Baño y accesorios";diseño;"Memoria lineal";;;;;48,800.00;;0.40;25.00;28.00;5.00;0;vacío;7,80E+12;SI;NO;;"bano, cortinas, estampa";"Cortinas de baño estampadas impermeables 180x180 cm";"Renová tu baño con cortinas de baño estampadas de poliéster, impermeables y de 180x180 cm. Elegancia y funcionalidad para cualquier espacio. ¡Comprá ahora!";"Concepto Deco";SI;;;;21,404.90
cortinas-de-bano-estampadas;;;diseño;"Memoria patrón";;;;;48,800.00;;0.40;25.00;28.00;5.00;0;;7,80E+12;;;;;;;;;;;;21,404.90
cortinas-de-bano-estampadas;;;diseño;Zigzag;;;;;41,100.01;;0.40;25.00;28.00;5.00;1;;7,80E+12;;;;;;;;;;;;18,016.90
cortinas-de-bano-estampadas;;;diseño;Marmol;;;;;41,100.01;;0.40;25.00;28.00;5.00;1;;7,80E+12;;;;;;;;;;;;18,016.90
cortinas-de-bano-estampadas;;;diseño;Olas;;;;;41,100.01;;0.40;25.00;28.00;5.00;1;;7,80E+12;;;;;;;;;;;;18,016.90
vara-larga-eucalipto-cinerea;"Vara larga eucalipto cinerea";"Deco Hogar ";Color;Rosa;;;;;10,752.00;;0.04;46.00;4.00;4.00;4;vacío;vacío;NO;NO;;vacio;vacío;vacío;vacío;SI;;;;3,900.00
vara-larga-eucalipto-cinerea;;;Color;Natural;;;;;10,752.00;;0.04;46.00;4.00;4.00;4;;;;;;;;;;;;;;3,900.00
vara-larga-de-eucalipto-94cm;"Vara larga de eucalipto 94cm";"Deco Hogar ";Color;Naranja;;;;;7,320.00;;0.04;46.00;4.00;4.00;2;vacío;vacío;NO;NO;;vacio;vacío;vacío;vacío;SI;;;;
vara-larga-de-eucalipto-94cm;;;Color;Bordo;;;;;7,320.00;;0.04;46.00;4.00;4.00;2;;;;;;;;;;;;;;
vara-larga-hojas-perladas-90cm;"Vara larga hojas perladas 90cm";"Deco Hogar ";Color;"Hojas perladas";;;;;6,120.00;;0.04;46.00;4.00;4.00;0;vacío;vacío;NO;NO;;vacio;vacío;vacío;vacío;SI;;;;2,190.00
vara-larga-hojas-perladas-90cm;;;Color;"Hojas oscuras";;;;;6,120.00;;0.04;46.00;4.00;4.00;2;;;;;;;;;;;;;;2,190.00
vara-larga-de-eucalipto-85cm;"Vara larga de eucalipto 85cm";"Deco Hogar ";Color;"Verde oscuro";;;;;7,320.00;;0.04;46.00;4.00;4.00;2;vacío;vacío;NO;NO;;vacio;vacío;vacío;vacío;SI;;;;2,660.00
vara-larga-de-eucalipto-85cm;;;Color;Natural;;;;;7,320.00;;0.04;46.00;4.00;4.00;2;;;;;;;;;;;;;;2,660.00
balanza-con-cinta-metrica;"Balanza con cinta métrica";Viaje;Color;Negro;;;;;11,040.00;;0.21;22.00;14.00;7.00;1;vacío;7,79E+12;SI;NO;;vacio;vacío;vacío;vacío;SI;;;;3,990.00
balanza-de-equipaje;"Balanza de equipaje";Viaje;Color;Negro;;;;;14,700.00;;0.12;20.00;12.00;8.00;0;vacío;7,79E+12;SI;NO;;vacio;vacío;vacío;vacío;SI;;;;4,990.00
balanza-de-equipaje;;;Color;Magenta;;;;;14,700.00;;0.12;20.00;12.00;8.00;4;;7,79E+12;;;;;;;;;;;;4,990.00
set-de-balanza-y-candado;"Set de balanza y candado";Viaje;Color;Azul;;;;;19,080.00;;0.12;20.00;12.00;8.00;5;vacío;7,79E+12;SI;NO;;vacio;vacío;vacío;vacío;SI;;;;6,990.00
set-de-balanza-y-candado;;;Color;Negro;;;;;19,080.00;;0.12;20.00;12.00;8.00;11;;7,79E+12;;;;;;;;;;;;6,990.00
neceser-acolchonado;"Neceser acolchonado";Viaje;Color;Azul;;;;;15,300.00;;0.11;24.00;33.00;5.00;0;vacío;7,79E+12;SI;NO;;vacio;vacío;vacío;vacío;SI;;;;5,590.00
neceser-chato;"Neceser chato";Viaje;Color;Magenta;;;;;15,300.00;;0.10;19.00;30.00;3.00;6;vacío;7,79E+12;SI;NO;;vacio;vacío;vacío;vacío;SI;;;;5,590.00
neceser-chato;;;Color;Negro;;;;;15,300.00;;0.10;19.00;30.00;3.00;10;;7,79E+12;;;;;;;;;;;;5,590.00
organizador-de-pasaporte;"Organizador de pasaporte";Viaje;Color;Negro;;;;;16,680.00;;0.11;18.00;24.00;5.00;18;vacío;7,79E+12;SI;NO;;vacio;vacío;vacío;vacío;SI;;;;6,590.00
organizador-de-accesorios;"Organizador de accesorios";Viaje;Color;Negro;;;;;17,580.00;;0.11;18.00;24.00;5.00;7;vacío;7,79E+12;SI;NO;;vacio;vacío;vacío;vacío;SI;;;;6,990.00
almohada-de-viaje;"Almohada de viaje";Viaje;Color;Gris;;;;;20,640.00;;0.20;38.00;35.00;16.00;9;vacío;7,79E+12;NO;NO;;vacio;vacío;vacío;vacío;SI;;;;8,900.00
almohada-de-viaje;;;Color;Negro;;;;;20,670.00;;0.20;38.00;35.00;16.00;9;;7,79E+12;;;;;;;;;;;;7,500.00
bomba-electrica-para-bolsa-de-ropa-al-vacio;"Bomba eléctrica para bolsa de ropa al vacío";Viaje;"Modelo único";nan;;;;;37,200.01;;0.25;12.00;11.00;8.00;9;nan;7,79077E+12;SI;NO;;vacio;vacío;vacío;vacío;SI;;;;13,500.00
bomba-electrica-para-bolsa-de-ropa-al-vacio;;;"Modelo único";vacío;;;;;37,200.01;;0.25;12.00;11.00;8.00;9;vacío;7.79E+17;;;;;;;;;;;;13,500.00
bomba-electrica-para-bolsa-de-ropa-al-vacio;;;"Modelo único";único;;;;;37,200.01;;0.25;12.00;11.00;8.00;9;vacío;7.79E+17;;;;;;;;;;;;13,500.00
bolsas-de-almacenamiento-al-vacio-x3u;"Bolsas de almacenamiento al vacío x3U";Viaje;"Modelo único";único;;;;;16,440.00;;0.45;29.00;22.00;6.00;4;vacío;7.79E+17;SI;NO;;vacio;vacío;vacío;vacío;SI;;;;5,990.00
bandeja-circular-bamboo-para-sillon;"Bandeja circular bamboo para sillon";"Deco Hogar ";"Modelo único";único;;;;;43,000.00;;0.60;30.00;32.00;5.00;0;vacío;302626;NO;NO;;vacio;vacío;vacío;vacío;SI;;;;15,000.00
porta-rollo-de-film-y-aluminio;"Porta rollo de film y aluminio";"Organizacion, Cocina y Bazar";"Modelo único";único;;;;;45,479.99;;0.50;8.00;35.00;7.00;3;vacío;302320004;SI;NO;;vacio;vacío;vacío;vacío;SI;;;;16,500.00
vaso-doble-vidrio-gatito;"Vaso doble vidrio ""gatito""";"Cocina y Bazar";"Modelo único";único;;;;;16,000.00;;0.20;12.00;12.00;12.00;0;302148;302148;SI;NO;;vacio;vacío;vacío;vacío;SI;;;;6,000.00
vaso-doble-vidrio-osito;"Vaso doble vidrio ""osito""";"Cocina y Bazar";"Modelo único";único;;;;;16,000.00;;0.20;12.00;12.00;12.00;0;302149;302149;SI;NO;;vacio;vacío;vacío;vacío;SI;;;;6,000.00
vaso-doble-vidrio-oso-panda;"Vaso doble vidrio ""oso panda""";"Cocina y Bazar";"Modelo único";único;;;;;16,000.00;;0.20;12.00;12.00;12.00;0;vacío;302000;SI;NO;;vacio;vacío;vacío;vacío;SI;;;;6,000.00
individual-rustico-tejido-circular;"Individual rústico tejido circular";"Deco Hogar ";Color;Negro;;;;;7,320.00;;0.05;35.00;35.00;1.00;6;302978;302978;NO;NO;;vacio;vacío;vacío;vacío;SI;;;;2,600.00
individual-rustico-tejido-circular;;;Color;Marrón;;;;;7,320.00;;0.05;35.00;35.00;1.00;0;302979;302979;;;;;;;;;;;;2,600.00
individual-rustico-tejido-circular;;;Color;Beige;;;;;7,800.00;;0.05;35.00;35.00;1.00;2;302980;302980;;;;;;;;;;;;2,600.00
jarra-termica-blanca-con-manija-de-bamboo;"Jarra térmica blanca con manija de bamboo";"Cocina y Bazar";"Modelo único";único;;;;;42,000.01;;0.60;26.00;20.00;18.00;0;vacío;302993;NO;NO;;vacio;vacío;vacío;vacío;SI;;;;15,000.00
taza-borla-nacarada-tornasolada;"Taza borla nacarada tornasolada";"Cocina y Bazar";"Modelo y color";"tornasol humo";;;;;7,000.00;;0.40;13.00;13.00;13.00;18;vacío;6,98E+12;NO;NO;;vacio;vacío;vacío;vacío;SI;;;;4,000.00
taza-borla-nacarada-tornasolada;;;"Modelo y color";"tornasol clara";;;;;7,000.00;;0.40;13.00;13.00;13.00;0;;302929;;;;;;;;;;;;4,000.00
vaso-de-vidrio-c-tapa-y-sorbete-aplique-mariposa;"Vaso de vidrio c/ tapa y sorbete aplique mariposa";"Cocina y Bazar";Color;"Mariposas blancas";;;;;30,348.00;28,800.00;0.50;23.00;20.00;16.00;7;vacío;302962;SI;NO;;vacio;vacío;vacío;vacío;SI;;;;11,000.00
palabra-love-xl-w5j3n;"Palabra love XL";"Deco Hogar ";Color;Kiri;;;;;6,000.00;;0.15;16.00;16.00;3.00;0;vacío;KO161;SI;NO;;vacio;vacío;vacío;vacío;SI;;;;2,831.40
palabra-love-xl-w5j3n;;;Color;paraiso;;;;;6,000.00;;0.15;16.00;16.00;3.00;8;;KO160;;;;;;;;;;;;2,831.40
palabra-smile;"Palabra smile";"Deco Hogar ";"Modelo único";único;;;;;6,000.00;;0.13;9.00;23.00;3.00;4;vacío;KO152;SI;NO;;vacio;vacío;vacío;vacío;SI;;;;2,190.00
palabra-relax-roble;"Palabra relax roble";"Deco Hogar ";"Modelo único";único;;;;;6,000.00;;0.16;7.00;28.00;3.00;17;vacío;KO155;SI;NO;;vacio;vacío;vacío;vacío;SI;;;;2,831.40
palabra-hola-roble;"Palabra hola roble";"Deco Hogar ";"Modelo único";único;;;;;6,000.00;;0.18;13.00;28.00;2.00;19;vacío;KO157;SI;NO;;vacio;vacío;vacío;vacío;SI;;;;2,831.40
porta-llaves-caras;"Porta llaves Caras";"Deco Hogar  > Objetos de madera";Color;lino;;;;;11,040.00;;0.32;18.00;18.00;4.00;1;vacío;KO447;SI;NO;;vacio;vacío;vacío;vacío;SI;;;;5,808.00
porta-llaves-caras;;;Color;kiri;;;;;11,040.00;;0.32;18.00;18.00;4.00;4;;KO446;;;;;;;;;;;;5,808.00
kit-de-botellitas-de-viaje-x3pzas-multicolor;"Kit de botellitas de viaje x3pzas - multicolor";Viaje;Modelo;"3 piezas";;;;;6,250.00;;0.06;20.00;20.00;5.00;25;vacío;8,99E+11;SI;NO;;vacio;vacío;vacío;vacío;SI;;;;
frasco-especiero-tapa-de-bamboo;"Frasco especiero tapa de bamboo";Organizacion;"Modelo único";único;;;;;7,620.00;;0.15;11.00;8.00;8.00;0;vacío;301280002;SI;NO;;vacio;vacío;vacío;vacío;SI;;;;2,750.00
porta-rollo-de-film-o-aluminio;"Porta rollo de film o aluminio";"Organizacion, Cocina y Bazar";"Modelo único";único;;;;;33,000.00;;0.50;8.00;35.00;7.00;4;vacío;302320;SI;NO;;vacio;vacío;vacío;vacío;SI;;;;12,000.00
escurridor-de-cubiertos-bamboo-plegable;"Escurridor de cubiertos bamboo plegable";Organizacion;"Modelo único";único;;;;;53,998.94;;0.85;26.00;46.00;6.00;2;vacío;159943;SI;NO;;vacio;vacío;vacío;vacío;SI;;;;19,800.00
set-de-cubiertos-en-estuche-chico;"Set de cubiertos en estuche chico";Viaje;Color;Azul;;;;;5,460.00;;0.07;13.00;6.00;3.00;1;vacío;20257;SI;NO;;vacio;vacío;vacío;vacío;SI;;;;2,783.00
set-de-cubiertos-en-estuche-chico;;;Color;Amarillo;;;;;5,460.00;;0.07;13.00;6.00;3.00;5;;20258;;;;;;;;;;;;2,783.00
set-de-cubiertos-en-estuche-chico;;;Color;Naranja;;;;;5,460.00;;0.07;13.00;6.00;3.00;2;;20259;;;;;;;;;;;;2,783.00
set-de-cubiertos-en-estuche-grande;"Set de cubiertos en estuche grande";Viaje;Color;Verde;;;;;5,460.00;;0.09;23.00;5.00;3.00;7;vacío;70264;SI;NO;;vacio;vacío;vacío;vacío;SI;;;;2,783.00
set-de-cubiertos-en-estuche-grande;;;Color;Beige;;;;;5,460.00;;0.09;23.00;5.00;3.00;14;;70265;;;;;;;;;;;;2,783.00
set-de-cubiertos-en-estuche-grande;;;Color;Rosa;;;;;5,460.00;;0.09;23.00;5.00;3.00;7;;70266;;;;;;;;;;;;2,783.00
set-de-cubiertos-en-estuche-grande;;;Color;Azul;;;;;5,460.00;;0.09;23.00;5.00;3.00;8;;70268;;;;;;;;;;;;2,783.00
kit-de-botellitas-de-viaje-x6pzas-blanco-opaco;"Kit de botellitas de viaje x6pzas blanco opaco";Viaje;"Modelo único";único;;;;;8,125.00;;0.09;12.00;17.00;3.00;8;vacío;8.99E+16;SI;NO;;"Botellitas, Kit, organizacion, viaje";"Kit de botellitas de viaje x6 blanco opaco - práctico y duradero";"Llevá tu shampoo y cremas en este kit de botellitas de viaje x6 blanco opaco, resistente y organizado. ¡Compralo y viajá cómodo y seguro!";vacío;SI;;;;4,235.00
vaso-con-manija-y-pico-900ml-skora-premium;"Vaso con manija y pico 900ml Skora Premium";"Vasos y Botellas ";Color;Negro;;;;;32,280.00;;0.52;25.00;10.00;10.00;0;vacío;vacío;NO;NO;;vacio;vacío;vacío;vacío;SI;;;;12,000.00
vaso-con-manija-y-pico-900ml-skora-premium;;;Color;Lila;;;;;32,280.00;;0.52;25.00;10.00;10.00;0;;;;;;;;;;;;;;12,000.00
luz-alambre-diamantes-a-pila-y-carga-usb;"Luz alambre diamantes a pila y carga usb";vacío;"Modelo único";único;;;;;6,360.00;;0.05;10.00;12.00;5.00;8;vacío;vacío;NO;NO;;vacio;vacío;vacío;vacío;SI;;;;
luz-alambre-estrellitas-a-pila-y-carga-usb;"Luz alambre estrellitas a pila y carga usb";vacío;"Modelo único";único;;;;;6,360.00;;0.05;10.00;12.00;5.00;3;vacío;vacío;NO;NO;;vacio;vacío;vacío;vacío;SI;;;;2,800.00
planta-artificial-bonsai-c-maceta-ceramica;"Planta artificial ""BONSAI"" c/ maceta cerámica";"Deco Hogar ";"Modelo único";único;;;;;8,800.00;;0.17;19.00;10.00;10.00;0;vacío;BF52;NO;NO;;vacio;vacío;vacío;vacío;SI;;;;3,160.00
planta-artificial-bonsai-c-maceta-plastica;"Planta artificial ""BONSAI"" c/ maceta plástica";"Deco Hogar ";"Modelo único";único;;;;;15,625.00;;0.17;24.00;14.00;14.00;3;vacío;BF49;NO;NO;;vacio;vacío;vacío;vacío;SI;;;;4,908.00
guirnalda-de-luces-estilo-kermesse-x-10mts;"Guirnalda de luces estilo kermesse x 10mts";"Deco Hogar ";Color;Cálidas;;;;;33,990.00;;0.85;20.00;20.00;20.00;11;vacío;KERMES;NO;NO;;vacio;vacío;vacío;vacío;SI;;;;
guirnalda-de-luces-estilo-kermesse-x-10mts;;;Color;Frías;;;;;33,990.00;;0.85;35.00;35.00;20.00;11;;KERMES;;;;;;;;;;;;
luz-alambre-microled;"Luz alambre microled";vacío;Color;Frías;;;;;1,980.00;;0.05;4.00;5.00;2.00;4;vacío;vacío;NO;NO;;vacio;vacío;vacío;vacío;SI;;;;725.00
luz-alambre-microled;;;Color;Cálidas;;;;;1,980.00;;0.05;4.00;5.00;2.00;0;;;;;;;;;;;;;;725.00
luz-alambre-microled;;;Color;Multicolor;;;;;1,980.00;;0.05;4.00;5.00;2.00;0;;;;;;;;;;;;;;725.00
corcho-con-luz-alambre-microled;"Corcho con luz alambre microled";vacío;Color;Frías;;;;;2,016.00;;0.05;5.00;5.00;4.00;5;vacío;vacío;NO;NO;;vacio;vacío;vacío;vacío;SI;;;;675.00
corcho-con-luz-alambre-microled;;;Color;Cálidas;;;;;2,016.00;;0.05;5.00;5.00;4.00;5;;;;;;;;;;;;;;675.00
corcho-con-luz-alambre-microled;;;Color;Multicolor;;;;;2,016.00;;0.05;5.00;5.00;4.00;0;;;;;;;;;;;;;;675.00
luces-bolitas-frias-led;"Luces bolitas frías LED";vacío;"Tipo de alimentacion";Enchufe;;;;;4,740.00;;0.15;16.00;20.00;5.00;5;vacío;vacío;NO;NO;;vacio;vacío;vacío;vacío;SI;;;;1,560.00
luces-bolitas-frias-led;;;"Tipo de alimentacion";"3 pilas ""AA""";;;;;4,740.00;;0.15;16.00;20.00;5.00;5;;;;;;;;;;;;;;1,560.00
luces-bolitas-calidas-led;"Luces bolitas cálidas LED";vacío;"Tipo de alimentacion";Enchufe;;;;;4,740.00;;0.15;16.00;20.00;5.00;5;vacío;vacío;NO;NO;;vacio;vacío;vacío;vacío;SI;;;;1,560.00
luces-bolitas-calidas-led;;;"Tipo de alimentacion";"3 pilas ""AA""";;;;;4,740.00;;0.15;16.00;20.00;5.00;5;;;;;;;;;;;;;;1,560.00
guirnalda-lluvia-luces-de-esferas-con-luces-led;"Guirnalda lluvia - luces de esferas con luces LED";vacío;"Modelo único";único;;;;;32,500.00;;0.35;20.00;38.00;10.00;5;vacío;vacío;NO;NO;;vacio;vacío;vacío;vacío;SI;;;;10,980.00
guirnalda-lluvia-luces-forma-de-arbol-pinito-calidas-led;"Guirnalda lluvia - luces forma de arbol pinito cálidas LED";vacío;"Modelo único";único;;;;;21,900.00;;0.20;20.00;38.00;10.00;5;vacío;vacío;NO;NO;;vacio;vacío;vacío;vacío;SI;;;;7,320.00
guirnalda-lluvia-luces-forma-de-estrellas-doble-calidas-led;"Guirnalda lluvia - luces forma de estrellas doble cálidas LED";vacío;"Modelo único";único;;;;;23,940.00;;0.20;20.00;38.00;10.00;5;LN125;7750;NO;NO;;vacio;vacío;vacío;vacío;SI;;;;8,052.00
guirnalda-lluvia-luces-forma-de-estrellas-clasicas-calidas-led;"Guirnalda lluvia - luces forma de estrellas clásicas cálidas LED";vacío;"Modelo único";único;;;;;21,900.00;;0.20;20.00;38.00;10.00;0;LN019;7748;NO;NO;;vacio;vacío;vacío;vacío;SI;;;;7,320.00
guirnalda-lluvia-luces-calidas-largas-led-x-164u;"Guirnalda lluvia - luces cálidas largas LED x 164u";vacío;"Modelo único";único;;;;;14,280.00;;0.23;10.00;16.00;10.00;0;164L;7754;NO;NO;;vacio;vacío;vacío;vacío;SI;;;;4,636.00
guirnalda-lluvia-luces-calidas-cortas-led-x-120u;"Guirnalda lluvia - luces cálidas cortas LED x 120u";vacío;"Modelo único";único;;;;;10,080.00;;0.16;10.00;15.00;14.00;23;7755;120L;NO;NO;;vacio;vacío;vacío;vacío;SI;;;;3,416.00
luces-calidas-led-x-100u;"Luces cálidas LED x 100u";vacío;"Modelo único";único;;;;;5,244.00;;0.12;9.00;13.00;8.00;50;7736;LN003;NO;NO;;vacio;vacío;vacío;vacío;SI;;;;1,586.00
luces-frias-led-x-100u;"Luces frías LED x 100u";vacío;"Modelo único";único;;;;;5,244.00;;0.12;9.00;13.00;8.00;81;7735;LN002;NO;NO;;vacio;vacío;vacío;vacío;SI;;;;1,586.00
jarra-termica-negra-con-manija-de-bamboo;"Jarra térmica negra con manija de bamboo";"Cocina y Bazar";"Modelo único";único;;;;;42,000.01;;0.60;26.00;20.00;18.00;0;vacío;302994;SI;NO;;vacio;vacío;vacío;vacío;SI;;;;15,000.00
canasta-matera-cuero-vaqueta;"Canasta matera cuero vaqueta";"Todo para el mate";Color;Bordo;;;;;45,000.01;;0.83;20.00;20.00;21.00;6;vacío;MAT052;SI;NO;;"matera, vaqueta";"Canasta matera cuero vaqueta premium - práctica y resistente";"Canasta matera de cuero vaqueta, ideal para viajes y autos. Organiza tu set matero con estilo y calidad. ¡Compra ahora y lleva tu mate con comodidad!";vacío;SI;;;;21,175.00
canasta-matera-cuero-vaqueta;;;Color;Negro;;;;;45,000.01;;0.83;20.00;20.00;21.00;12;;MAT051;;;;;;;;;;;;17,900.00
canasta-matera-cuero-vaqueta;;;Color;Ladrillo;;;;;45,000.01;;0.83;20.00;20.00;21.00;7;;MAT053;;;;;;;;;;;;17,900.00
cestoc-pedal-tipografia;"Cesto c/ pedal - tipografía";"Baño y accesorios";Color;Gris;;;;;33,960.46;;0.79;27.00;19.00;26.00;2;vacío;BU042;SI;NO;;vacio;vacío;vacío;vacío;SI;;;;
cestoc-pedal-tipografia;;;Color;Blanco;;;;;33,960.46;;0.79;27.00;19.00;26.00;2;;BU041;;;;;;;;;;;;
cestopara-la-basura-c-pedal-lisos;"Cesto para la basura c/ pedal - lisos";"Baño y accesorios";Color;Negro;;;;;33,960.46;;0.79;27.00;19.00;26.00;2;vacío;BU045;SI;NO;;vacio;vacío;vacío;vacío;SI;;;;
cestopara-la-basura-c-pedal-lisos;;;Color;Blanco;;;;;33,960.46;;0.79;27.00;19.00;26.00;3;;BU046;;;;;;;;;;;;
cestopara-la-basura-c-pedal-lisos;;;Color;Acero;;;;;33,960.46;;0.79;27.00;19.00;26.00;3;;BU047;;;;;;;;;;;;
cesto-c-pedal-estampa;"Cesto c/ pedal - estampa";"Baño y accesorios";Color;Blanco;;;;;33,960.46;;0.79;27.00;19.00;26.00;0;vacío;BU044;SI;NO;;vacio;vacío;vacío;vacío;SI;;;;13,500.00
cesto-c-pedal-estampa;;;Color;Beige;;;;;33,960.46;;0.79;27.00;19.00;26.00;3;;BU043;;;;;;;;;;;;13,500.00
gift-card2;"GIFT CARD $1.000.-";"Gift card & Box de regalo";Temática;"FELIZ CUMPLE";;;;;1,000.00;;0.00;0.00;0.00;0.00;;vacío;vacío;SI;NO;;vacio;vacío;vacío;vacío;NO;;;;
gift-card2;;;Temática;FELICIDADES;;;;;1,000.00;;0.00;0.00;0.00;0.00;;;;;;;;;;;;;;;
gift-card2;;;Temática;"¡ TE QUIERO !";;;;;1,000.00;;0.00;0.00;0.00;0.00;;;;;;;;;;;;;;;
gift-card1;"GIFT CARD $5.000.-";"Gift card & Box de regalo";Temática;"FELIZ CUMPLE";;;;;5,000.00;;0.00;0.00;0.00;0.00;;vacío;vacío;SI;NO;;vacio;vacío;vacío;vacío;NO;;;;
gift-card1;;;Temática;FELICIDADES;;;;;5,000.00;;0.00;0.00;0.00;0.00;;;;;;;;;;;;;;;
gift-card1;;;Temática;"¡ TE QUIERO !";;;;;5,000.00;;0.00;0.00;0.00;0.00;;;;;;;;;;;;;;;
gift-card-10-000;"GIFT CARD $10.000.-";"Gift card & Box de regalo";Temática;"FELIZ CUMPLE";;;;;10,000.00;;0.00;0.00;0.00;0.00;;vacío;vacío;SI;NO;;vacio;vacío;vacío;vacío;NO;;;;
gift-card-10-000;;;Temática;FELICIDADES;;;;;10,000.00;;0.00;0.00;0.00;0.00;;;;;;;;;;;;;;;
gift-card-10-000;;;Temática;"¡ TE QUIERO !";;;;;10,000.00;;0.00;0.00;0.00;0.00;;;;;;;;;;;;;;;
vara-larga-eucalipto-92cm;"Vara larga eucalipto 92cm";"Deco Hogar ";Color;"Verde claro";;;;;6,180.00;;0.04;46.00;4.00;4.00;4;vacío;vacío;NO;NO;;vacio;vacío;vacío;vacío;SI;;;;2,240.00
vara-larga-eucalipto-92cm;;;Color;"Verde con borde bordo";;;;;6,180.00;;0.04;46.00;4.00;4.00;4;;FA531;;;;;;;;;;;;2,240.00
vara-larga-eucalipto-92cm;;;Color;"Verde con marron";;;;;6,180.00;;0.04;46.00;4.00;4.00;4;;FA527;;;;;;;;;;;;2,240.00
vara-larga-eucalipto-92cm;;;Color;"Verde con moradito";;;;;6,180.00;;0.04;46.00;4.00;4.00;4;;;;;;;;;;;;;;2,240.00
vara-larga-eucalipto-92cm;;;Color;Bordo;;;;;6,180.00;;0.04;46.00;4.00;4.00;4;;FA529;;;;;;;;;;;;2,240.00
rama-flor-de-te;"Rama flor de te";"Deco Hogar ";Color;blanca;;;;;13,200.00;;0.06;90.00;7.00;7.00;0;vacío;vacío;NO;NO;;vacio;vacío;vacío;vacío;SI;;;;4,790.00
rama-flor-de-te;;;Color;rosa;;;;;13,200.00;;0.06;90.00;7.00;7.00;0;;;;;;;;;;;;;;4,790.00
botellon-growler;"Botellon Growler";Organizacion;frases;"jabon liquido para ropa";;;;;7,860.00;;1.16;29.00;10.00;10.00;7;vacío;SUB1771;SI;NO;;vacio;vacío;vacío;vacío;SI;;;;3,614.27
botellon-growler;;;frases;"suavizante para ropa";;;;;7,860.00;;1.16;29.00;10.00;10.00;2;;SUB1772;;;;;;;;;;;;3,614.27
bandeja-varillada-arcoiris;"Bandeja varillada arcoiris";"Deco Hogar  > Objetos de madera";"Modelo único";único;;;;;13,800.00;;5.95;18.00;28.00;1.50;2;vacío;KO90;SI;NO;;vacio;vacío;vacío;vacío;SI;;;;5,094.00
bandeja-varillada-curve;"Bandeja varillada curve";"Deco Hogar  > Objetos de madera";"Modelo único";único;;;;;7,180.00;;0.22;10.00;21.00;1.50;0;vacío;KO89;SI;NO;;vacio;vacío;vacío;vacío;SI;;;;2,652.00
recibidor-tokio-varillado1;"Recibidor Tokio varillado";"Deco Hogar ";"Modelo único";único;;;;;16,500.00;;0.79;24.00;24.00;9.00;3;vacío;KO55;SI;NO;;vacio;vacío;vacío;vacío;SI;;;;7,231.00
botella-deportiva-termica;"Botella deportiva termica";"Vasos y Botellas ";Color;Verde;;;;;16,680.00;;0.42;29.00;8.00;8.00;21;vacío;7,79E+12;NO;NO;;vacio;vacío;vacío;vacío;SI;;;;9,000.00
botella-deportiva-termica;;;Color;Bordo;;;;;21,840.00;;0.42;29.00;8.00;8.00;2;;7,79E+12;;;;;;;;;;;;9,000.00
botella-deportiva-termica;;;Color;Negro;;;;;21,840.00;;0.42;29.00;8.00;8.00;2;;7,79E+12;;;;;;;;;;;;9,000.00
botella-deportiva-termica;;;Color;Rosa;;;;;21,840.00;;0.42;29.00;8.00;8.00;2;;7,79E+12;;;;;;;;;;;;9,000.00
botella-deportiva-termica;;;Color;Blanco;;;;;21,840.00;;0.42;29.00;8.00;8.00;2;;7,79E+12;;;;;;;;;;;;9,000.00
set-de-latas;"Set de latas";"Todo para el mate";diseño;Botanico;;;;;14,592.00;;0.20;15.00;17.00;10.00;4;vacío;WAT441;SI;NO;;vacio;vacío;vacío;vacío;SI;;;;5,790.00
set-de-latas;;;diseño;"Cosas buenas";;;;;14,592.00;;0.20;15.00;17.00;10.00;11;;WAT442;;;;;;;;;;;;5,790.00
bandeja-flamenco;"Bandeja Flamenco";"Deco Hogar ";"Modelo único";único;;;;;4,032.00;;0.15;31.00;12.00;1.00;0;vacío;vacío;SI;NO;;vacio;vacío;vacío;vacío;SI;;;;1,770.00
porta-llaves-varillado;"Porta llaves varillado";"Deco Hogar  > Objetos de madera";"Modelo único";único;;;;;11,040.00;;0.32;18.00;18.00;4.00;5;vacío;KO441;SI;NO;;vacio;vacío;vacío;vacío;SI;;;;5,808.00
porta-llaves-good-vibes-happy;"Porta llaves Good Vibes Happy";"Deco Hogar  > Objetos de madera";"Modelo único";único;;;;;11,040.00;;0.32;18.00;18.00;4.00;3;vacío;KO442;SI;NO;;vacio;vacío;vacío;vacío;SI;;;;5,808.00
porta-llaves-home-sweet-home;"Porta llaves Home Sweet Home";"Deco Hogar  > Objetos de madera";Color;blanco;;;;;11,040.00;;0.32;18.00;18.00;4.00;3;vacío;KO443;SI;NO;;vacio;vacío;vacío;vacío;SI;;;;5,808.00
termo-waterdoog;"Termo Waterdoog";"Todo para el mate";Color;negro;;;;;69,874.98;;0.76;35.00;10.00;10.00;23;vacío;7,80E+12;SI;NO;;vacio;vacío;vacío;vacío;SI;;;;30,834.00
termo-waterdoog;;;Color;blanco;;;;;69,874.98;;0.76;35.00;10.00;10.00;0;;7,80E+12;;;;;;;;;;;;30,834.00
termo-waterdoog;;;Color;verde;;;;;69,874.98;;0.76;35.00;10.00;10.00;5;;7,80E+12;;;;;;;;;;;;30,834.00
mate-charro;"Mate Charro";"Todo para el mate";Color;rosa;;;;;13,080.00;;0.18;10.00;10.00;10.00;6;vacío;MAR053;SI;NO;;mate;vacío;vacío;vacío;SI;;;;4,800.00
mate-charro;;;Color;negro;;;;;13,080.00;;0.18;10.00;10.00;10.00;5;;MAR051;;;;;;;;;;;;4,800.00
mate-charro;;;Color;verde;;;;;13,080.00;;0.18;10.00;10.00;10.00;10;;MAR052;;;;;;;;;;;;4,800.00
mate-charro;;;Color;blanco;;;;;13,080.00;;0.18;10.00;10.00;10.00;0;;MAR050;;;;;;;;;;;;4,800.00
vaso-calentador;"Vaso calentador";"Vasos y Botellas ";"Modelo único";único;;;;;18,300.40;;0.28;16.50;12.00;9.00;16;vacío;6.99E+17;SI;NO;;vacio;vacío;vacío;vacío;SI;;;;7,083.00
jarron-yumiko;"Jarron Yumiko";"Deco Hogar ";Tamaño;Chico;;;;;9,120.00;;0.15;14.00;15.00;5.00;0;vacío;52133466;SI;NO;;"deco, flores, jarron";"Jarrón Yumiko en Bioplástico PLA, Resistente y Decorativo";"Jarrón Yumiko en bioplástico PLA, ideal para ramos secos. Diseño resistente con doble pared. Decora tu espacio con estilo ecológico. ¡Compra ahora!";vacío;SI;;;;3,637.00
jarron-yumiko;;;Tamaño;Grande;;;;;14,220.00;;0.27;18.00;20.00;6.00;7;;53133465;;;;;;;;;;;;5,661.00
jarron-saori-grande;"Jarron Saori grande";"Deco Hogar ";Color;blanco;;;;;10,272.00;;0.15;19.00;5.50;5.50;0;vacío;vacío;NO;NO;;vacio;vacío;vacío;vacío;SI;;;;4,047.00
jarron-saori-grande;;;Color;negro;;;;;10,272.00;;0.15;19.00;5.50;5.50;4;;;;;;;;;;;;;;4,047.00
jarron-saori-chico;"Jarron Saori chico";"Deco Hogar ";Color;blanco;;;;;6,520.00;;0.08;14.00;4.00;4.00;6;vacío;51133429;SI;NO;;"deco, flores, jarron";"Jarrón Saori chico en bioplástico resistente y diseño único";"Jarrón Saori chico de bioplástico PLA, ideal para ramos secos. Doble pared para mayor resistencia y diseño exclusivo. ¡Decora tu espacio hoy!";vacío;SI;;;;2,023.00
jarron-ima-grande;"Jarron Ima grande";"Deco Hogar ";Color;blanco;;;;;14,220.00;;0.23;18.00;13.00;13.00;2;vacío;3411;SI;NO;;"deco, flores, jarron";"Jarrón Ima Grande en Bioplástico, Resistente y Decorativo";"Jarrón Ima Grande en bioplástico PLA, ideal para ramos secos. Doble pared para mayor resistencia. Dale un toque eco y moderno a tu hogar. ¡Compralo ya!";vacío;SI;;;;5,661.00
jarron-ima-grande;;;Color;negro;;;;;14,220.00;;0.23;18.00;13.00;13.00;5;;5233;;;;;;;;;;;;5,661.00
jarron-ima-chico;"Jarron Ima chico";"Deco Hogar ";Color;negro;;;;;11,700.00;;0.11;10.00;12.00;12.00;10;vacío;5133;SI;NO;;vacio;vacío;vacío;vacío;SI;;;;5,808.00
jarron-ima-chico;;;Color;blanco;;;;;11,700.00;;0.11;10.00;12.00;12.00;1;;5113;;;;;;;;;;;;5,808.00
jarron-azami-grande;"Jarron Azami grande";"Deco Hogar ";Color;blanco;;;;;18,000.00;;0.25;24.00;11.00;11.00;3;vacío;vacío;NO;NO;;vacio;vacío;vacío;vacío;SI;;;;7,178.00
jarron-azami-grande;;;Color;negro;;;;;18,000.00;;0.25;24.00;11.00;11.00;4;;;;;;;;;;;;;;7,178.00
jarron-azami-chico;"Jarron Azami chico";"Deco Hogar ";Color;blanco;;;;;13,140.00;;0.17;20.00;9.00;9.00;0;vacío;vacío;NO;NO;;vacio;vacío;vacío;vacío;SI;;;;5,251.00
jarron-azami-chico;;;Color;negro;;;;;13,140.00;;0.17;20.00;9.00;9.00;4;;;;;;;;;;;;;;5,251.00
jarron-keiko;"Jarron Keiko";"Deco Hogar ";Color;blanco;;;;;14,220.00;;0.19;20.00;19.00;6.00;0;vacío;53133458;SI;NO;;"deco, flores, jarron";"Jarrón Keiko de PLA Bioplástico, 20 cm de Alto y Diseño Ecológico";"Descubrí el Jarrón Keiko, fabricado en PLA bioplástico sostenible, con 20 cm de altura y diseño moderno. Ideal para decorar con estilo ecológico. ¡Compralo ya!";vacío;SI;;;;5,661.00
jarron-keiko;;;Color;negro;;;;;14,220.00;;0.19;20.00;19.00;6.00;4;;53333452;;;;;;;;;;;;5,661.00
set-de-latas-matero;"Set de latas Matero";"Todo para el mate";Color;blanco;;;;;9,600.00;;0.18;14.00;17.50;9.00;38;vacío;TAM02;SI;NO;;vacio;vacío;vacío;vacío;SI;;;;3,300.00
set-de-latas-matero;;;Color;negro;;;;;9,600.00;;0.18;14.00;17.50;9.00;77;;TAM01;;;;;;;;;;;;3,300.00
set-de-latas-matero;;;Color;rosa;;;;;9,600.00;;0.18;14.00;17.50;9.00;33;;TAM04;;;;;;;;;;;;3,300.00
set-de-latas-matero;;;Color;verde;;;;;9,600.00;;0.18;14.00;17.50;9.00;20;;TAM03;;;;;;;;;;;;3,300.00
set-de-latas-matero;;;Color;Degradé;;;;;10,000.00;;0.18;14.00;17.50;9.00;10;;TAM05;;;;;;;;;;;;3,300.00
vaso-ferchetto-en-caja;"Vaso ferchetto en caja";vacío;"Modelo único";único;;;;;32,280.00;;0.37;20.00;10.00;10.00;8;vacío;FT01;NO;NO;;vacio;vacío;vacío;vacío;SI;;;;12,066.00
vaso-ferchetto-con-accesorios;"Vaso Ferchetto con accesorios";vacío;"Modelo único";único;;;;;23,880.00;;0.37;20.00;10.00;10.00;2;vacío;FT02;NO;NO;;vacio;vacío;vacío;vacío;SI;;;;8,100.00
billetera-boca;"Billetera Boca";vacío;diseño;"azul con franja amarilla";;;;;16,500.00;;0.12;12.00;9.00;4.00;4;vacío;7,80E+12;NO;NO;;vacio;vacío;vacío;vacío;SI;;;;7,200.00
billetera-boca;;;diseño;"azul lisa/ interior amarillo";;;;;16,416.00;;0.12;12.00;9.00;4.00;4;;7,80E+12;;;;;;;;;;;;7,200.00
billetera-river;"Billetera River";vacío;"Modelo único";único;;;;;16,416.00;;0.12;12.00;9.50;3.00;2;vacío;vacío;NO;NO;;vacio;vacío;vacío;vacío;SI;;;;7,200.00
palabra-relax;"Palabra Relax";"Deco Hogar ";"Modelo único";único;;;;;6,000.00;;0.08;8.00;20.00;4.00;0;vacío;KO154;SI;NO;;vacio;vacío;vacío;vacío;SI;;;;2,190.00
palabra-hola1;"Palabra Hola";"Deco Hogar ";"Modelo único";único;;;;;6,000.00;;0.08;8.00;20.00;4.00;0;vacío;KO153;SI;NO;;vacio;vacío;vacío;vacío;SI;;;;2,831.40
palabra-home;"Palabra Home";"Deco Hogar ";"Modelo único";único;;;;;4,920.00;;0.09;9.00;18.00;2.00;0;vacío;KO15;NO;NO;;vacio;vacío;vacío;vacío;SI;;;;2,190.00
porta-llaves-welcome-home1;"Porta llaves Welcome home";"Deco Hogar  > Objetos de madera";diseño;"welcome home lino";;;;;11,040.00;;0.32;18.00;18.00;4.00;6;vacío;KO445;SI;NO;;vacio;vacío;vacío;vacío;SI;;;;5,808.00
porta-llaves-welcome-home1;;;diseño;"welcome caju blanco";;;;;11,040.00;;0.32;18.00;18.00;4.00;12;;KO444;;;;;;;;;;;;5,808.00
porta-llaves-rectangular;"Porta llaves rectangular";"Deco Hogar  > Objetos de madera";diseño;"home is my happy place";;;;;9,660.00;;0.29;10.00;20.00;4.00;5;2725;KO035;SI;NO;;vacio;vacío;vacío;vacío;SI;;;;4,770.00
porta-llaves-rectangular;;;diseño;"Home sweet home kiri";;;;;9,660.00;;0.29;10.00;20.00;4.00;5;;KO032;;;;;;;;;;;;4,770.00
porta-llaves-rectangular;;;diseño;"Hogar Kiri";;;;;9,660.00;;0.29;10.00;20.00;4.00;1;;KO031;;;;;;;;;;;;4,770.00
porta-llaves-rectangular;;;diseño;"Hogar Teka";;;;;9,660.00;;0.29;10.00;20.00;4.00;0;;KO033;;;;;;;;;;;;4,770.00
porta-llaves-rectangular;;;diseño;"Home sweet home teka";;;;;9,660.00;;0.29;10.00;20.00;4.00;0;2725;KO034;;;;;;;;;;;;4,770.00
porta-llave-varillado-oval1;"Porta llave varillado oval";"Deco Hogar  > Objetos de madera";"Modelo único";único;;;;;11,960.00;;0.48;27.00;12.00;4.00;3;4813;KO56;SI;NO;;vacio;vacío;vacío;vacío;SI;;;;6,535.00
recibidor-belgica;"Recibidor Belgica";"Deco Hogar  > Objetos de madera";"Modelo único";único;;;;;23,399.99;;0.11;22.00;40.00;10.00;3;4817;KO60;SI;NO;;vacio;vacío;vacío;vacío;SI;;;;10,260.00
recibidor-circulo;"Recibidor circulo";"Deco Hogar  > Objetos de madera";"Modelo único";único;;;;;20,280.00;;1.10;15.00;40.00;11.00;6;4815;KO58;SI;NO;;vacio;vacío;vacío;vacío;SI;;;;9,400.00
recibidor-capri-new;"Recibidor Capri New";"Deco Hogar  > Objetos de madera";"Modelo único";único;;;;;25,560.01;;0.77;30.00;25.00;10.00;2;6554;KO86;SI;NO;;"casa, deco, hogar, madera, perchero";"Recibidor Capri New con 3 colgadores y estante elegante";"Recibidor Capri New con colgadores de madera natural y fondo en tela. Elegí estilo y funcionalidad para tu hogar. ¡Compra ahora y decora con calidez!";Kov;SI;;;;11,220.00
mandala-xl;"Mandala xl";"Deco Hogar ";"Modelo único";único;;;;;6,000.00;;0.21;35.00;35.00;1.00;14;vacío;KO531;NO;NO;;vacio;vacío;vacío;vacío;SI;;;;2,266.00
mandala-chico-x2;"Mandala chico x2";"Deco Hogar ";"Modelo único";único;;;;;5,700.00;;0.21;24.00;24.00;2.00;0;1367;DO01;NO;NO;;vacio;vacío;vacío;vacío;SI;;;;2,266.00
hoja-monstera-chica-x2;"Hoja monstera chica x2";"Deco Hogar ";"Modelo único";único;;;;;6,600.00;;0.21;25.00;25.00;2.00;1;vacío;56003123;SI;NO;;vacio;vacío;vacío;vacío;SI;;;;2,600.00
bandeja-monstera-xl;"Bandeja monstera XL";"Deco Hogar  > Objetos de madera";"Modelo único";único;;;;;6,600.00;;0.25;40.00;30.00;2.00;5;vacío;56003130;SI;NO;;vacio;vacío;vacío;vacío;SI;;;;2,600.00
palabra-home1;"Palabra home";"Deco Hogar ";Color;blanco;;;;;6,480.00;;0.17;10.00;15.00;1.50;3;vacío;vacío;NO;NO;;vacio;vacío;vacío;vacío;SI;;;;2,597.00
palabra-home1;;;Color;caju;;;;;6,480.00;;0.17;10.00;15.00;1.50;0;;;;;;;;;;;;;;2,597.00
palabra-familia;"Palabra familia";"Deco Hogar ";Color;Caju;;;;;6,480.00;;0.17;9.00;29.00;1.50;1;vacío;56201192;SI;NO;;vacio;vacío;vacío;vacío;SI;;;;2,597.00
palabra-familia;;;Color;Blanco;;;;;6,480.00;;0.17;9.00;29.00;1.50;0;;56101195;;;;;;;;;;;;2,597.00
palabra-suena;"Palabra sueña";"Deco Hogar ";Color;blanco;;;;;7,288.00;;0.17;11.00;17.00;1.50;20;vacío;56101188;SI;NO;;vacio;vacío;vacío;vacío;SI;;;;2,260.00
palabra-suena;;;Color;cajú;;;;;7,288.00;;0.17;11.00;17.00;1.50;20;;56201185;;;;;;;;;;;;2,260.00
palabra-amor;"Palabra amor";"Deco Hogar ";Color;blanco;;;;;7,288.00;;0.14;22.00;9.00;2.00;19;vacío;56101133;SI;NO;;vacio;vacío;vacío;vacío;SI;;;;2,597.00
palabra-amor;;;Color;caju;;;;;7,288.00;;0.14;22.00;9.00;2.00;19;;56201130;;;;;;;;;;;;2,597.00
palabra-rie;"Palabra Rie";"Deco Hogar ";Color;blanco;;;;;5,664.00;;0.12;9.00;19.00;2.00;0;vacío;vacío;NO;NO;;vacio;vacío;vacío;vacío;SI;;;;2,260.00
palabra-rie;;;Color;cajú;;;;;5,664.00;;0.12;9.00;19.00;2.00;0;;;;;;;;;;;;;;2,260.00
recibidor-capri;"Recibidor Capri";"Deco Hogar  > Objetos de madera";"Modelo único";único;;;;;20,280.00;;1.09;30.00;25.00;6.00;6;4815;KO58;SI;NO;;"casa, deco, hogar, madera, recibidor";"Recibidor Capri con 3 colgadores y estante, diseño natural";"Recibidor Capri con 3 colgadores de madera y estante práctico. Ideal para organizar y decorar tu entrada. ¡Compra y renueva tu hogar hoy!";vacío;SI;;;;9,400.00
